Tick,Throttle,Speed,Current,Voltage
11653,0, 0, 792, 52352
11960,0, 0, 796, 52350
12010,0, 0, 796, 52350
12060,0, 0, 796, 52350
12110,0, 0, 796, 52350
12160,0, 0, 796, 52349
12210,0, 0, 796, 52349
12260,0, 0, 796, 52349
12310,0, 0, 796, 52349
12360,0, 0, 793, 52349
12410,0, 0, 793, 52349
12460,0, 0, 793, 52349
12510,0, 0, 793, 52349
12560,0, 0, 793, 52349
12610,0, 0, 793, 52349
12660,0, 0, 793, 52349
12710,0, 0, 793, 52349
12760,0, 0, 797, 52349
12810,0, 0, 797, 52349
12860,0, 0, 797, 52349
12910,0, 0, 797, 52349
13130,0, 0, 797, 52350
13180,0, 0, 788, 52350
13230,0, 0, 788, 52350
13280,0, 0, 788, 52350
13330,0, 0, 788, 52350
13380,0, 0, 788, 52348
13430,0, 0, 788, 52348
13480,0, 0, 788, 52348
13530,0, 0, 788, 52348
13580,0, 0, 796, 52348
13630,0, 0, 796, 52348
13680,0, 0, 796, 52348
13730,0, 0, 796, 52348
13780,0, 0, 796, 52348
13830,0, 0, 796, 52348
13880,0, 0, 796, 52348
13930,0, 0, 796, 52348
13980,0, 0, 788, 52348
14030,0, 0, 788, 52348
14080,0, 0, 788, 52348
14216,0, 0, 788, 52346
14266,0, 0, 788, 52346
14358,0, 0, 796, 52346
14408,0, 0, 796, 52346
14458,0, 0, 796, 52346
14508,0, 0, 796, 52346
14558,0, 0, 796, 52346
14608,0, 0, 796, 52346
14658,0, 0, 796, 52346
14708,0, 0, 796, 52346
14758,0, 0, 797, 52346
14808,0, 0, 797, 52346
14858,0, 0, 797, 52346
14908,0, 0, 797, 52346
14958,0, 0, 797, 52346
15008,0, 0, 797, 52346
15058,0, 0, 797, 52346
15108,0, 0, 797, 52346
15158,0, 0, 810, 52346
15208,0, 0, 810, 52346
15344,0, 0, 810, 52346
15394,0, 0, 810, 52344
15444,0, 0, 810, 52344
15494,0, 0, 810, 52344
15544,0, 0, 810, 52344
15636,0, 0, 794, 52344
15686,0, 0, 794, 52344
15736,0, 0, 794, 52344
15786,0, 0, 794, 52346
15836,0, 0, 794, 52346
15886,0, 0, 794, 52346
15936,0, 0, 794, 52346
15986,0, 0, 798, 52346
16036,0, 0, 798, 52346
16086,0, 0, 798, 52346
16136,0, 0, 798, 52346
16186,0, 0, 798, 52344
16236,0, 0, 798, 52344
16286,0, 0, 798, 52344
16336,0, 0, 798, 52344
16472,0, 0, 792, 52344
16522,0, 0, 792, 52344
16572,0, 0, 792, 52346
16622,0, 0, 792, 52346
16672,0, 0, 792, 52346
16722,0, 0, 792, 52346
16772,0, 0, 786, 52346
16864,0, 0, 786, 52346
16914,0, 0, 786, 52346
16964,0, 0, 786, 52346
17014,0, 0, 786, 52347
17064,0, 0, 786, 52347
17114,0, 0, 786, 52347
17164,0, 0, 786, 52347
17214,0, 0, 783, 52347
17264,0, 0, 783, 52347
17314,0, 0, 783, 52347
17364,0, 0, 783, 52347
17414,0, 0, 783, 52343
17464,0, 0, 783, 52343
17600,0, 0, 800, 52343
17650,0, 0, 800, 52343
17700,0, 0, 800, 52343
17750,0, 0, 800, 52343
17800,0, 0, 800, 52342
17850,0, 0, 800, 52342
17900,0, 0, 800, 52342
17950,0, 0, 800, 52342
18000,0, 0, 798, 52342
18092,0, 0, 798, 52342
18142,0, 0, 798, 52342
18192,0, 0, 798, 52343
18242,0, 0, 798, 52343
18292,0, 0, 798, 52343
18342,0, 0, 798, 52343
18392,0, 0, 793, 52343
18442,0, 0, 793, 52343
18492,0, 0, 793, 52343
18542,0, 0, 793, 52343
18592,0, 0, 793, 52344
18728,0, 0, 793, 52344
18778,0, 0, 789, 52344
18828,0, 0, 789, 52344
18878,0, 0, 789, 52344
18928,0, 0, 789, 52344
18978,0, 0, 789, 52341
19028,0, 0, 789, 52341
19078,0, 0, 789, 52341
19128,0, 0, 789, 52341
19178,0, 0, 800, 52341
19228,0, 0, 800, 52341
19278,0, 0, 800, 52341
19370,0, 0, 800, 52341
19420,0, 0, 800, 52340
19470,0, 0, 800, 52340
19520,0, 0, 800, 52340
19570,0, 0, 800, 52340
19620,0, 0, 794, 52340
19670,0, 0, 794, 52340
19720,0, 0, 794, 52340
19856,0, 0, 794, 52342
19906,0, 0, 794, 52342
19956,0, 0, 794, 52342
20006,0, 0, 802, 52342
20056,0, 0, 802, 52342
20106,0, 0, 802, 52342
20156,0, 0, 802, 52342
20206,0, 0, 802, 52342
20256,0, 0, 802, 52342
20306,0, 0, 802, 52342
20356,0, 0, 802, 52342
20406,0, 0, 791, 52342
20456,0, 0, 791, 52342
20506,0, 0, 791, 52342
20598,0, 0, 791, 52341
20648,0, 0, 791, 52341
20698,0, 0, 791, 52341
20748,0, 0, 791, 52341
20798,0, 0, 800, 52341
20848,0, 0, 800, 52341
20983,0, 0, 800, 52341
21033,0, 0, 800, 52305
21083,0, 0, 800, 52305
21133,0, 0, 800, 52305
21183,0, 0, 800, 52305
21233,0, 0, 875, 52305
21283,0, 0, 875, 52305
21333,0, 0, 875, 52305
21383,0, 0, 875, 52305
21433,0, 0, 875, 52329
21483,0, 0, 875, 52329
21533,0, 0, 875, 52329
21583,0, 0, 875, 52329
21633,0, 0, 862, 52329
21683,0, 0, 862, 52329
21733,0, 0, 862, 52329
21825,0, 0, 862, 51740
21875,0, 0, 862, 51740
21925,0, 0, 862, 51740
21975,0, 0, 862, 51740
22110,0, 0, 1442, 51740
22160,0, 0, 1442, 51740
22210,0, 0, 1442, 52275
22260,0, 0, 1442, 52275
22310,0, 0, 1442, 52275
22360,0, 0, 1442, 52275
22410,0, 0, 1141, 52275
22460,0, 0, 1141, 52275
22510,0, 0, 1141, 52275
22560,0, 0, 1141, 52275
22610,0, 0, 1141, 51545
22660,0, 0, 1141, 51545
22710,0, 0, 1141, 51545
22760,0, 0, 1141, 51545
22810,0, 0, 2180, 51545
22860,0, 0, 2180, 51545
22910,0, 0, 2180, 51545
22960,0, 0, 2180, 51545
23052,0, 0, 2180, 52165
23102,0, 0, 2180, 52165
23238,0, 0, 1755, 52165
23288,0, 0, 1755, 52165
23338,0, 0, 1755, 52165
23388,0, 0, 1755, 52165
23438,0, 0, 1755, 52149
23488,0, 0, 1755, 52149
23538,0, 0, 1755, 52149
23588,0, 0, 1755, 52149
23638,0, 0, 1749, 52149
23688,0, 0, 1749, 52149
23738,0, 0, 1749, 52149
23788,0, 0, 1749, 52149
23838,0, 0, 1749, 52156
23888,0, 0, 1749, 52156
23938,0, 0, 1749, 52156
23988,0, 0, 1749, 52156
24038,0, 0, 1783, 52156
24088,0, 0, 1783, 52156
24138,0, 0, 1783, 52156
24230,0, 0, 1783, 52155
24366,0, 0, 1783, 52155
24416,0, 0, 1770, 52155
24466,0, 0, 1770, 52155
24516,0, 0, 1770, 52155
24566,0, 0, 1770, 52155
24616,0, 0, 1770, 52155
24666,0, 0, 1770, 52155
24716,0, 0, 1770, 52155
24766,0, 0, 1770, 52155
24816,0, 0, 1750, 52155
24866,0, 0, 1750, 52155
24916,0, 0, 1750, 52155
24966,0, 0, 1750, 52155
25016,0, 0, 1750, 52144
25066,0, 0, 1750, 52144
25116,0, 0, 1750, 52144
25166,0, 0, 1750, 52144
25216,0, 0, 1750, 52144
25266,0, 0, 1748, 52144
25316,0, 0, 1748, 52144
25494,0, 0, 1748, 52151
25544,0, 0, 1748, 52151
25594,0, 0, 1748, 52151
25644,0, 0, 1795, 52151
25694,0, 0, 1795, 52151
25744,0, 0, 1795, 52151
25794,0, 0, 1795, 52151
25844,0, 0, 1795, 52147
25894,0, 0, 1795, 52147
25944,0, 0, 1795, 52147
25994,0, 0, 1795, 52147
26044,0, 0, 1774, 52147
26094,0, 0, 1774, 52147
26144,0, 0, 1774, 52147
26194,0, 0, 1774, 52147
26244,0, 0, 1774, 52145
26380,0, 0, 1774, 52145
26430,0, 0, 1764, 52145
26480,0, 0, 1764, 52145
26530,0, 0, 1764, 52145
26580,0, 0, 1764, 52145
26630,0, 0, 1764, 52150
26722,0, 0, 1764, 52150
26772,0, 0, 1764, 52150
26822,0, 0, 1764, 52150
26872,0, 0, 1742, 52150
26922,0, 0, 1742, 52150
26972,0, 0, 1742, 52150
27022,0, 0, 1742, 52150
27072,0, 0, 1742, 52140
27122,0, 0, 1742, 52140
27172,0, 0, 1742, 52140
27222,0, 0, 1742, 52140
27272,0, 0, 1708, 52140
27322,0, 0, 1708, 52140
27372,0, 0, 1708, 52140
27508,0, 0, 1708, 52153
27558,0, 0, 1708, 52153
27608,0, 0, 1708, 52153
27658,0, 0, 1670, 52153
27708,0, 0, 1670, 52153
27758,0, 0, 1670, 52153
27808,0, 0, 1670, 52153
27900,0, 0, 1670, 52153
27950,0, 0, 1670, 52153
28000,0, 0, 1670, 52153
28050,0, 0, 1719, 52153
28100,0, 0, 1719, 52153
28150,0, 0, 1719, 52153
28200,0, 0, 1719, 52153
28250,0, 0, 1719, 52140
28300,0, 0, 1719, 52140
28350,0, 0, 1719, 52140
28400,0, 0, 1719, 52140
28450,0, 0, 1736, 52140
28500,0, 0, 1736, 52140
28636,0, 0, 1736, 52140
28686,0, 0, 1736, 52142
28736,0, 0, 1736, 52142
28786,0, 0, 1736, 52142
28836,0, 0, 1736, 52142
28886,0, 0, 1734, 52142
28936,0, 0, 1734, 52142
28986,0, 0, 1734, 52142
29078,0, 0, 1734, 52137
29128,0, 0, 1734, 52137
29178,0, 0, 1734, 52137
29228,0, 0, 1734, 52137
29278,0, 0, 1742, 52137
29328,0, 0, 1742, 52137
29378,0, 0, 1742, 52137
29428,0, 0, 1742, 52137
29478,0, 0, 1742, 52141
29528,0, 0, 1742, 52141
29578,0, 0, 1742, 52141
29628,0, 0, 1742, 52141
29764,0, 0, 1733, 52141
29814,0, 0, 1733, 52141
29864,0, 0, 1733, 52129
29914,0, 0, 1733, 52129
29964,0, 0, 1733, 52129
30014,0, 0, 1733, 52129
30064,0, 0, 1779, 52129
30114,0, 0, 1779, 52129
30164,0, 0, 1779, 52129
30214,0, 0, 1779, 52129
30308,0, 0, 1779, 52126
30358,0, 0, 1779, 52126
30408,0, 0, 1779, 52126
30458,0, 0, 1745, 52126
30508,0, 0, 1745, 52126
30558,0, 0, 1745, 52126
30608,0, 0, 1745, 52126
30658,0, 0, 1745, 52111
30708,0, 0, 1745, 52111
30758,0, 0, 1745, 52111
30893,0, 0, 1727, 52111
30943,0, 0, 1727, 52111
30993,0, 0, 1727, 52111
31043,0, 0, 1727, 52111
31093,0, 0, 1727, 52124
31143,0, 0, 1727, 52124
31193,0, 0, 1727, 52124
31243,0, 0, 1727, 52124
31293,0, 0, 1744, 52124
31343,0, 0, 1744, 52124
31393,0, 0, 1744, 52124
31485,0, 0, 1744, 52128
31535,0, 0, 1744, 52128
31585,0, 0, 1744, 52128
31635,0, 0, 1744, 52128
31685,0, 0, 1757, 52128
31735,0, 0, 1757, 52128
31785,0, 0, 1757, 52128
31835,0, 0, 1757, 52128
31885,0, 0, 1757, 52126
32020,0, 0, 1757, 52126
32070,0, 0, 1787, 52126
32120,0, 0, 1787, 52126
32170,0, 0, 1787, 52126
32220,0, 0, 1787, 52126
32270,0, 0, 1787, 52125
32320,0, 0, 1787, 52125
32370,0, 0, 1787, 52125
32420,0, 0, 1787, 52125
32470,0, 0, 1758, 52125
32520,0, 0, 1758, 52125
32570,0, 0, 1758, 52125
32662,0, 0, 1758, 52125
32712,0, 0, 1758, 52122
32762,0, 0, 1758, 52122
32812,0, 0, 1758, 52122
32862,0, 0, 1758, 52122
32912,0, 0, 1730, 52122
32962,0, 0, 1730, 52122
33012,0, 0, 1730, 52122
33148,0, 0, 1730, 52122
33198,0, 0, 1730, 52122
33248,0, 0, 1730, 52122
33298,0, 0, 1725, 52122
33348,0, 0, 1725, 52122
33398,0, 0, 1725, 52122
33448,0, 0, 1725, 52122
33498,0, 0, 1725, 52123
33548,0, 0, 1725, 52123
33598,0, 0, 1725, 52123
33648,0, 0, 1725, 52123
33698,0, 0, 1696, 52123
33748,0, 0, 1696, 52123
33798,0, 0, 1696, 52123
33890,0, 0, 1696, 52116
33940,0, 0, 1696, 52116
33990,0, 0, 1696, 52116
34040,0, 0, 1696, 52116
34090,0, 0, 1719, 52116
34140,0, 0, 1719, 52116
34276,0, 0, 1719, 52116
34326,0, 0, 1719, 52124
34376,0, 0, 1719, 52124
34426,0, 0, 1719, 52124
34476,0, 0, 1719, 52124
34526,0, 0, 1679, 52124
34576,0, 0, 1679, 52124
34626,0, 0, 1679, 52124
34676,0, 0, 1679, 52124
34726,0, 0, 1679, 52139
34776,0, 0, 1679, 52139
34826,0, 0, 1679, 52139
34876,0, 0, 1679, 52139
34926,0, 0, 1683, 52139
34976,0, 0, 1683, 52139
35068,0, 0, 1683, 52139
35118,0, 0, 1683, 52128
35168,0, 0, 1683, 52128
35218,0, 0, 1683, 52128
35268,0, 0, 1683, 52128
35404,0, 0, 1699, 52128
35454,0, 0, 1699, 52128
35504,0, 0, 1699, 52126
35554,0, 0, 1699, 52126
35604,0, 0, 1699, 52126
35654,0, 0, 1699, 52126
35704,0, 0, 1705, 52126
35754,0, 0, 1705, 52126
35804,0, 0, 1705, 52126
35854,0, 0, 1705, 52126
35904,0, 0, 1705, 52124
35954,0, 0, 1705, 52124
36004,0, 0, 1705, 52124
36054,0, 0, 1705, 52124
36104,0, 0, 1702, 52124
36154,0, 0, 1702, 52124
36246,0, 0, 1702, 52124
36296,0, 0, 1702, 52121
36346,0, 0, 1702, 52121
36396,0, 0, 1702, 52121
36532,0, 0, 1708, 52121
36582,0, 0, 1708, 52121
36632,0, 0, 1708, 52121
36682,0, 0, 1708, 52121
36732,0, 0, 1708, 52122
36782,0, 0, 1708, 52122
36832,0, 0, 1708, 52122
36882,0, 0, 1708, 52122
36932,0, 0, 1746, 52122
36982,0, 0, 1746, 52122
37032,0, 0, 1746, 52122
37082,0, 0, 1746, 52122
37132,0, 0, 1746, 52123
37182,0, 0, 1746, 52123
37232,0, 0, 1746, 52123
37282,0, 0, 1746, 52123
37332,0, 0, 1711, 52123
37382,0, 0, 1711, 52123
37474,0, 0, 1711, 52123
37524,0, 0, 1711, 52112
37660,0, 0, 1711, 52112
37710,0, 0, 1708, 52112
37760,0, 0, 1708, 52112
37810,0, 0, 1708, 52112
37860,0, 0, 1708, 52112
37910,0, 0, 1708, 52115
37960,0, 0, 1708, 52115
38010,0, 0, 1708, 52115
38060,0, 0, 1708, 52115
38110,0, 0, 1734, 52115
38160,0, 0, 1734, 52115
38210,0, 0, 1734, 52115
38260,0, 0, 1734, 52115
38310,0, 0, 1734, 52110
38360,0, 0, 1734, 52110
38410,0, 0, 1734, 52110
38460,0, 0, 1734, 52110
38510,0, 0, 1677, 52110
38560,0, 0, 1677, 52110
38652,0, 0, 1677, 52110
38788,0, 0, 1677, 52118
38838,0, 0, 1677, 52118
38888,0, 0, 1677, 52118
38938,0, 0, 1673, 52118
38988,0, 0, 1673, 52118
39038,0, 0, 1673, 52118
39088,0, 0, 1673, 52118
39138,0, 0, 1673, 52122
39188,0, 0, 1673, 52122
39238,0, 0, 1673, 52122
39288,0, 0, 1673, 52122
39338,0, 0, 1663, 52122
39388,0, 0, 1663, 52122
39438,0, 0, 1663, 52122
39488,0, 0, 1663, 52122
39538,0, 0, 1663, 52129
39588,0, 0, 1663, 52129
39638,0, 0, 1663, 52129
39688,0, 0, 1663, 52129
39738,0, 0, 1634, 52129
39916,0, 0, 1634, 52123
39966,0, 0, 1634, 52123
40016,0, 0, 1634, 52123
40066,0, 0, 1634, 52123
40116,0, 0, 1652, 52123
40166,0, 0, 1652, 52123
40216,0, 0, 1652, 52123
40266,0, 0, 1652, 52123
40316,0, 0, 1652, 52124
40366,0, 0, 1652, 52124
40416,0, 0, 1652, 52124
40466,0, 0, 1652, 52124
40516,0, 0, 1651, 52124
40566,0, 0, 1651, 52124
40616,0, 0, 1651, 52124
40666,0, 0, 1651, 52124
40801,0, 0, 1651, 52120
40851,0, 0, 1651, 52120
40901,0, 0, 1651, 52120
40951,0, 0, 1662, 52120
41001,0, 0, 1662, 52120
41051,0, 0, 1662, 52120
41143,0, 0, 1662, 52119
41193,0, 0, 1662, 52119
41243,0, 0, 1662, 52119
41293,0, 0, 1662, 52119
41343,0, 0, 1643, 52119
41393,0, 0, 1643, 52119
41443,0, 0, 1643, 52119
41493,0, 0, 1643, 52119
41543,0, 0, 1643, 52121
41593,0, 0, 1643, 52121
41643,0, 0, 1643, 52121
41693,0, 0, 1643, 52121
41743,0, 0, 1654, 52121
41793,0, 0, 1654, 52121
41928,0, 0, 1654, 52121
41978,0, 0, 1654, 52122
42028,0, 0, 1654, 52122
42078,0, 0, 1654, 52122
42128,0, 0, 1654, 52122
42178,0, 0, 1645, 52122
42228,0, 0, 1645, 52122
42320,0, 0, 1645, 52122
42370,0, 0, 1645, 52121
42420,0, 0, 1645, 52121
42470,0, 0, 1645, 52121
42520,0, 0, 1645, 52121
42570,0, 0, 1657, 52121
42620,0, 0, 1657, 52121
42670,0, 0, 1657, 52121
42720,0, 0, 1657, 52121
42770,0, 0, 1657, 52120
42820,0, 0, 1657, 52120
42870,0, 0, 1657, 52120
42920,0, 0, 1657, 52120
43056,0, 0, 1660, 52120
43106,0, 0, 1660, 52120
43156,0, 0, 1660, 52114
43206,0, 0, 1660, 52114
43256,0, 0, 1660, 52114
43306,0, 0, 1660, 52114
43356,0, 0, 1619, 52114
43406,0, 0, 1619, 52114
43498,0, 0, 1619, 52114
43548,0, 0, 1619, 52122
43598,0, 0, 1619, 52122
43648,0, 0, 1619, 52122
43698,0, 0, 1619, 52122
43748,0, 0, 1617, 52122
43798,0, 0, 1617, 52122
43848,0, 0, 1617, 52122
43898,0, 0, 1617, 52122
43948,0, 0, 1617, 52117
43998,0, 0, 1617, 52117
44048,0, 0, 1617, 52117
44184,0, 0, 1640, 52117
44234,0, 0, 1640, 52117
44284,0, 0, 1640, 52117
44334,0, 0, 1640, 52117
44384,0, 0, 1640, 52117
44434,0, 0, 1640, 52117
44484,0, 0, 1640, 52117
44534,0, 0, 1640, 52117
44584,0, 0, 1634, 52117
44634,0, 0, 1634, 52117
44726,0, 0, 1634, 52117
44776,0, 0, 1634, 52118
44826,0, 0, 1634, 52118
44876,0, 0, 1634, 52118
44926,0, 0, 1634, 52118
44976,0, 0, 1649, 52118
45026,0, 0, 1649, 52118
45076,0, 0, 1649, 52118
45126,0, 0, 1649, 52118
45176,0, 0, 1649, 52110
45312,0, 0, 1649, 52110
45362,0, 0, 1606, 52110
45412,0, 0, 1606, 52110
45462,0, 0, 1606, 52110
45512,0, 0, 1606, 52110
45562,0, 0, 1606, 52121
45612,0, 0, 1606, 52121
45662,0, 0, 1606, 52121
45712,0, 0, 1606, 52121
45762,0, 0, 1596, 52121
45812,0, 0, 1596, 52121
45904,0, 0, 1596, 52121
45954,0, 0, 1596, 52114
46004,0, 0, 1596, 52114
46054,0, 0, 1596, 52114
46104,0, 0, 1596, 52114
46154,0, 0, 1642, 52114
46204,0, 0, 1642, 52114
46254,0, 0, 1642, 52114
46304,0, 0, 1642, 52114
46440,0, 0, 1642, 52113
46490,0, 0, 1642, 52113
46540,0, 0, 1642, 52113
46590,0, 0, 1647, 52113
46640,0, 0, 1647, 52113
46690,0, 0, 1647, 52113
46740,0, 0, 1647, 52113
46790,0, 0, 1647, 52112
46840,0, 0, 1647, 52112
46890,0, 0, 1647, 52112
46940,0, 0, 1647, 52112
46990,0, 0, 1628, 52112
47082,0, 0, 1628, 52112
47132,0, 0, 1628, 52112
47182,0, 0, 1628, 52102
47232,0, 0, 1628, 52102
47282,0, 0, 1628, 52102
47332,0, 0, 1628, 52102
47382,0, 0, 1652, 52102
47432,0, 0, 1652, 52102
47568,0, 0, 1652, 52102
47618,0, 0, 1652, 52111
47668,0, 0, 1652, 52111
47718,0, 0, 1652, 52111
47768,0, 0, 1652, 52111
47818,0, 0, 1660, 52111
47868,0, 0, 1660, 52111
47918,0, 0, 1660, 52111
47968,0, 0, 1660, 52111
48018,0, 0, 1660, 52103
48068,0, 0, 1660, 52103
48118,0, 0, 1660, 52103
48168,0, 0, 1660, 52103
48218,0, 0, 1685, 52103
48310,0, 0, 1685, 52103
48360,0, 0, 1685, 52103
48410,0, 0, 1685, 52105
48460,0, 0, 1685, 52105
48510,0, 0, 1685, 52105
48560,0, 0, 1685, 52105
48696,0, 0, 1640, 52105
48746,0, 0, 1640, 52105
48796,0, 0, 1640, 52103
48846,0, 0, 1640, 52103
48896,0, 0, 1640, 52103
48946,0, 0, 1640, 52103
48996,0, 0, 1610, 52103
49046,0, 0, 1610, 52103
49096,0, 0, 1610, 52103
49146,0, 0, 1610, 52103
49196,0, 0, 1610, 52103
49246,0, 0, 1610, 52103
49296,0, 0, 1610, 52103
49346,0, 0, 1610, 52103
49396,0, 0, 1627, 52103
49490,0, 0, 1627, 52103
49540,0, 0, 1627, 52103
49590,0, 0, 1627, 52111
49640,0, 0, 1627, 52111
49690,0, 0, 1627, 52111
49825,0, 0, 1600, 52111
49875,0, 0, 1600, 52111
49925,0, 0, 1600, 52111
49975,0, 0, 1600, 52111
50025,0, 0, 1600, 52109
50075,0, 0, 1600, 52109
50125,0, 0, 1600, 52109
50175,0, 0, 1600, 52109
50225,0, 0, 1623, 52109
50275,0, 0, 1623, 52109
50325,0, 0, 1623, 52109
50375,0, 0, 1623, 52109
50425,0, 0, 1623, 52116
50475,0, 0, 1623, 52116
50525,0, 0, 1623, 52116
50575,0, 0, 1623, 52116
50709,0, 0, 1576, 52116
50759,0, 0, 1576, 52116
50809,0, 0, 1576, 52107
50859,0, 0, 1576, 52107
51164,0, 0, 1586, 52107
51214,0, 0, 1586, 52110
51264,0, 51069, 1586, 52110
51314,0, 51069, 1586, 52110
51364,0, 51069, 1586, 52110
51414,0, 51069, 1619, 52110
51464,0, 51069, 1619, 52110
51514,0, 51069, 1619, 52110
51564,0, 51069, 1619, 52110
51614,0, 51069, 1619, 52117
51664,0, 51069, 1619, 52117
51714,0, 51069, 1619, 52117
51764,0, 51069, 1619, 52117
51814,0, 51069, 1582, 52117
51864,0, 51069, 1582, 52117
51956,0, 51069, 1582, 52117
52006,0, 51069, 1582, 52107
52056,0, 51069, 1582, 52107
52106,0, 51069, 1582, 52107
52156,0, 51069, 1582, 52107
52333,0, 51069, 1633, 52107
52383,0, 51069, 1633, 52107
52433,0, 0, 1633, 52102
52483,0, 0, 1633, 52102
52533,0, 0, 1633, 52102
52583,0, 0, 1633, 52102
52633,0, 0, 1643, 52102
52683,0, 0, 1643, 52102
52733,0, 0, 1643, 52102
52783,0, 0, 1643, 52102
52833,0, 0, 1643, 52104
52883,0, 0, 1643, 52104
52933,0, 0, 1643, 52104
52983,0, 0, 1643, 52104
53033,0, 0, 1643, 52104
53083,0, 0, 1643, 52104
53175,0, 0, 1643, 52104
53225,0, 0, 1643, 52107
53275,0, 0, 1643, 52107
53325,0, 0, 1643, 52107
53461,0, 0, 1623, 52107
53511,0, 0, 1623, 52107
53561,0, 0, 1623, 52107
53611,0, 0, 1623, 52104
53661,0, 0, 1623, 52104
53711,0, 0, 1623, 52104
53761,0, 0, 1623, 52104
53811,0, 0, 1670, 52104
53861,0, 0, 1670, 52104
53911,0, 0, 1670, 52104
53961,0, 0, 1670, 52104
54011,0, 0, 1670, 52102
54061,0, 0, 1670, 52102
54111,0, 0, 1670, 52102
54161,0, 0, 1670, 52102
54211,0, 0, 1630, 52102
54261,0, 0, 1630, 52102
54353,0, 0, 1630, 52102
54403,0, 0, 1630, 52102
54453,0, 0, 1630, 52095
54589,0, 0, 1630, 52095
54639,0, 0, 1615, 52095
54689,0, 0, 1615, 52095
54739,0, 0, 1615, 52095
54789,0, 0, 1615, 52095
54839,0, 0, 1615, 52104
54889,0, 0, 1615, 52104
54939,0, 0, 1615, 52104
54989,0, 0, 1615, 52104
55039,0, 0, 1642, 52104
55089,0, 0, 1642, 52104
55139,0, 0, 1642, 52104
55189,0, 0, 1642, 52104
55239,0, 0, 1642, 52095
55289,0, 0, 1642, 52095
55339,0, 0, 1642, 52095
55475,0, 0, 1612, 52095
55525,0, 0, 1612, 52095
55617,0, 0, 1612, 52104
55667,0, 0, 1612, 52104
55717,0, 0, 1612, 52104
55767,0, 0, 1612, 52104
55817,0, 0, 1612, 52104
55867,0, 0, 1598, 52104
55917,0, 0, 1598, 52104
55967,0, 0, 1598, 52104
56017,0, 0, 1598, 52104
56067,0, 0, 1598, 52112
56117,0, 0, 1598, 52112
56167,0, 0, 1598, 52112
56217,0, 0, 1598, 52112
56267,0, 0, 1565, 52112
56317,0, 0, 1565, 52112
56367,0, 0, 1565, 52112
56417,0, 0, 1565, 52112
56467,0, 0, 1565, 52104
56603,0, 0, 1565, 52104
56653,0, 0, 1579, 52104
56703,0, 0, 1579, 52104
56753,0, 0, 1579, 52104
56845,0, 0, 1579, 52111
56895,0, 0, 1579, 52111
56945,0, 0, 1579, 52111
56995,0, 0, 1579, 52111
57045,0, 0, 1574, 52111
57095,0, 0, 1574, 52111
57145,0, 0, 1574, 52111
57195,0, 0, 1574, 52111
57245,0, 0, 1574, 52106
57295,0, 0, 1574, 52106
57345,0, 0, 1574, 52106
57395,0, 0, 1574, 52106
57445,0, 0, 1559, 52106
57495,0, 0, 1559, 52106
57545,0, 0, 1559, 52106
57595,0, 0, 1559, 52106
57731,0, 0, 1559, 52103
57781,0, 0, 1559, 52103
57831,0, 0, 1611, 52103
57881,0, 0, 1611, 52103
57931,0, 0, 1611, 52103
58023,0, 0, 1611, 52103
58073,0, 0, 1611, 52106
58123,0, 0, 1611, 52106
58173,0, 0, 1611, 52106
58223,0, 0, 1611, 52106
58273,0, 0, 1605, 52106
58323,0, 0, 1605, 52106
58373,0, 0, 1605, 52106
58423,0, 0, 1605, 52106
58473,0, 0, 1605, 52093
58523,0, 0, 1605, 52093
58573,0, 0, 1605, 52093
58623,0, 0, 1605, 52093
58673,0, 0, 1616, 52093
58723,0, 0, 1616, 52093
58859,0, 0, 1616, 52100
58909,0, 0, 1616, 52100
58959,0, 0, 1616, 52100
59009,0, 0, 1616, 52100
59059,0, 0, 1627, 52100
59109,0, 0, 1627, 52100
59201,0, 0, 1627, 52100
59251,0, 0, 1627, 52092
59301,0, 0, 1627, 52092
59351,0, 0, 1627, 52092
59401,0, 0, 1627, 52092
59451,0, 0, 1596, 52092
59501,0, 0, 1596, 52092
59551,0, 0, 1596, 52092
59601,0, 0, 1596, 52092
59651,0, 0, 1596, 52100
59701,0, 0, 1596, 52100
59751,0, 0, 1596, 52100
59801,0, 0, 1596, 52100
59851,0, 0, 1618, 52100
59986,0, 0, 1618, 52100
60036,0, 0, 1618, 52100
60086,0, 0, 1618, 52096
60136,0, 0, 1618, 52096
60186,0, 0, 1618, 52096
60236,0, 0, 1618, 52096
60286,0, 0, 1616, 52096
60336,0, 0, 1616, 52096
60428,0, 0, 1616, 52096
60478,0, 0, 1616, 52094
60528,0, 0, 1616, 52094
60578,0, 0, 1616, 52094
60628,0, 0, 1616, 52094
60678,0, 0, 1635, 52094
60728,0, 0, 1635, 52094
60778,0, 0, 1635, 52094
60828,0, 0, 1635, 52094
60878,0, 0, 1635, 52097
60928,0, 0, 1635, 52097
60978,0, 0, 1635, 52097
61113,0, 0, 1644, 52097
61163,0, 0, 1644, 52097
61213,0, 0, 1644, 52097
61263,0, 0, 1644, 52094
61313,0, 0, 1644, 52094
61363,0, 0, 1644, 52094
61413,0, 0, 1644, 52094
61463,0, 0, 1578, 52094
61513,0, 0, 1578, 52094
61605,0, 0, 1578, 52094
61655,0, 0, 1578, 52094
61705,0, 0, 1578, 52102
61755,0, 0, 1578, 52102
61805,0, 0, 1578, 52102
61855,0, 0, 1578, 52102
61905,0, 0, 1568, 52102
61955,0, 0, 1568, 52102
62005,0, 0, 1568, 52102
62055,0, 0, 1568, 52102
62105,0, 0, 1568, 52104
62241,0, 0, 1568, 52104
62291,0, 0, 1568, 52104
62341,0, 0, 1568, 52104
62391,0, 0, 1568, 52104
62441,0, 0, 1568, 52104
62491,0, 0, 1568, 52100
62541,0, 0, 1568, 52100
62591,0, 0, 1568, 52100
62641,0, 0, 1568, 52100
62691,0, 0, 1596, 52100
62783,0, 0, 1596, 52100
62833,0, 0, 1596, 52100
62883,0, 0, 1596, 52105
62933,0, 0, 1596, 52105
62983,0, 0, 1596, 52105
63033,0, 0, 1596, 52105
63083,0, 0, 1552, 52105
63133,0, 0, 1552, 52105
63183,0, 0, 1552, 52105
63233,0, 0, 1552, 52105
63369,0, 0, 1552, 52103
63419,0, 0, 1552, 52103
63469,0, 0, 1540, 52103
63519,0, 0, 1540, 52103
63569,0, 0, 1540, 52103
63619,0, 0, 1540, 52103
63669,0, 0, 1540, 52108
63719,0, 0, 1540, 52108
63769,0, 0, 1540, 52108
63819,0, 0, 1540, 52108
63869,0, 0, 1562, 52108
63919,0, 0, 1562, 52108
64011,0, 0, 1562, 52108
64061,0, 0, 1562, 52108
64111,0, 0, 1562, 52101
64161,0, 0, 1562, 52101
64211,0, 0, 1562, 52101
64261,0, 0, 1562, 52101
64311,0, 0, 1601, 52101
64361,0, 0, 1601, 52101
64497,0, 0, 1601, 52098
64547,0, 0, 1601, 52098
64597,0, 0, 1601, 52098
64647,0, 0, 1601, 52098
64697,0, 0, 1573, 52098
64747,0, 0, 1573, 52098
64797,0, 0, 1573, 52098
64847,0, 0, 1573, 52098
64897,0, 0, 1573, 52096
64947,0, 0, 1573, 52096
64997,0, 0, 1573, 52096
65047,0, 0, 1573, 52096
65097,0, 0, 1575, 52096
65189,0, 0, 1575, 52096
65239,0, 0, 1575, 52096
65289,0, 0, 1575, 52093
65339,0, 0, 1575, 52093
65389,0, 0, 1575, 52093
65439,0, 0, 1575, 52093
65489,0, 0, 1621, 52093
65625,0, 0, 1621, 52093
65675,0, 0, 1621, 52093
65725,0, 0, 1621, 52089
65775,0, 0, 1621, 52089
65825,0, 0, 1621, 52089
65875,0, 0, 1621, 52089
65925,0, 0, 1616, 52089
65975,0, 0, 1616, 52089
66025,0, 0, 1616, 52089
66075,0, 0, 1616, 52089
66125,0, 0, 1616, 52086
66175,0, 0, 1616, 52086
66225,0, 0, 1616, 52086
66275,0, 0, 1616, 52086
66367,0, 0, 1673, 52086
66417,0, 0, 1673, 52086
66467,0, 0, 1673, 52086
66517,0, 0, 1673, 52088
66567,0, 0, 1673, 52088
66617,0, 0, 1673, 52088
66753,0, 0, 1625, 52088
66803,0, 0, 1625, 52088
66853,0, 0, 1625, 52088
66903,0, 0, 1625, 52085
66953,0, 0, 1625, 52085
67003,0, 0, 1625, 52085
67053,0, 0, 1625, 52085
67103,0, 0, 1624, 52085
67153,0, 0, 1624, 52085
67203,0, 0, 1624, 52085
67253,0, 0, 1624, 52085
67303,0, 0, 1624, 52079
67353,0, 0, 1624, 52079
67403,0, 0, 1624, 52079
67453,0, 0, 1624, 52079
67503,0, 0, 1622, 52079
67597,0, 0, 1622, 52079
67647,0, 0, 1622, 52079
67697,0, 0, 1622, 52087
67747,0, 0, 1622, 52087
67883,0, 0, 1622, 52087
67933,0, 0, 1613, 52087
67983,0, 0, 1613, 52087
68033,0, 0, 1613, 52087
68083,0, 0, 1613, 52087
68133,0, 0, 1613, 52082
68183,0, 0, 1613, 52082
68233,0, 0, 1613, 52082
68283,0, 0, 1613, 52082
68333,0, 0, 1658, 52082
68383,0, 0, 1658, 52082
68433,0, 0, 1658, 52082
68483,0, 0, 1658, 52082
68533,0, 0, 1658, 52090
68583,0, 0, 1658, 52090
68633,0, 0, 1658, 52090
68683,0, 0, 1658, 52090
68775,0, 0, 1621, 52090
68825,0, 0, 1621, 52090
68875,0, 0, 1621, 52090
69010,0, 0, 1621, 52085
69060,0, 0, 1621, 52085
69110,0, 0, 1597, 52085
69160,0, 0, 1597, 52085
69210,0, 0, 1597, 52085
69260,0, 0, 1597, 52085
69310,0, 0, 1597, 52086
69360,0, 0, 1597, 52086
69410,0, 0, 1597, 52086
69460,0, 0, 1597, 52086
69510,0, 0, 1587, 52086
69560,0, 0, 1587, 52086
69610,0, 0, 1587, 52086
69660,0, 0, 1587, 52086
69710,0, 0, 1587, 52092
69760,0, 0, 1587, 52092
69895,0, 0, 1587, 52092
69945,0, 0, 1591, 52092
70037,0, 0, 1591, 52092
70087,0, 0, 1591, 52092
70137,0, 0, 1591, 52088
70187,0, 0, 1591, 52088
70237,0, 0, 1591, 52088
70287,0, 0, 1591, 52088
70337,0, 0, 1614, 52088
70387,0, 0, 1614, 52088
70437,0, 0, 1614, 52088
70487,0, 0, 1614, 52088
70537,0, 0, 1614, 52077
70587,0, 0, 1614, 52077
70637,0, 0, 1614, 52077
70687,0, 0, 1614, 52077
70737,0, 0, 1632, 52077
70787,0, 0, 1632, 52077
70837,0, 0, 1632, 52077
70887,0, 0, 1632, 52077
71022,0, 0, 1632, 52076
71072,0, 0, 1632, 52076
71122,0, 0, 1664, 52076
71172,0, 0, 1664, 52076
71264,0, 0, 1664, 52076
71314,0, 0, 1664, 52076
71364,0, 0, 1664, 52086
71414,0, 0, 1664, 52086
71464,0, 0, 1664, 52086
71514,0, 0, 1664, 52086
71564,0, 0, 1620, 52086
71614,0, 0, 1620, 52086
71664,0, 0, 1620, 52086
71714,0, 0, 1620, 52086
71764,0, 0, 1620, 52075
71814,0, 0, 1620, 52075
71864,0, 0, 1620, 52075
71914,0, 0, 1620, 52075
71964,0, 0, 1650, 52075
72014,0, 0, 1650, 52075
72150,0, 0, 1650, 52068
72200,0, 0, 1650, 52068
72250,0, 0, 1650, 52068
72300,0, 0, 1650, 52068
72350,0, 0, 1670, 52068
72442,0, 0, 1670, 52068
72492,0, 0, 1670, 52068
72542,0, 0, 1670, 52072
72592,0, 0, 1670, 52072
72642,0, 0, 1670, 52072
72692,0, 0, 1670, 52072
72742,0, 0, 1640, 52072
72792,0, 0, 1640, 52072
72842,0, 0, 1640, 52072
72892,0, 0, 1640, 52072
72942,0, 0, 1640, 52082
72992,0, 0, 1640, 52082
73042,0, 0, 1640, 52082
73092,0, 0, 1640, 52082
73142,0, 0, 1622, 52082
73278,0, 0, 1622, 52082
73328,0, 0, 1622, 52072
73378,0, 0, 1622, 52072
73428,0, 0, 1622, 52072
73478,0, 0, 1622, 52072
73528,0, 0, 1648, 52072
73620,0, 0, 1648, 52072
73670,0, 0, 1648, 52072
73720,0, 0, 1648, 52072
73770,0, 0, 1648, 52078
73820,0, 0, 1648, 52078
73870,0, 0, 1648, 52078
73920,0, 0, 1648, 52078
73970,0, 0, 1669, 52078
74020,0, 0, 1669, 52078
74070,0, 0, 1669, 52078
74120,0, 0, 1669, 52078
74170,0, 0, 1669, 52075
74220,0, 0, 1669, 52075
74270,0, 0, 1669, 52075
74406,0, 0, 1670, 52075
74456,0, 0, 1670, 52075
74506,0, 0, 1670, 52075
74556,0, 0, 1670, 52063
74606,0, 0, 1670, 52063
74656,0, 0, 1670, 52063
74706,0, 0, 1670, 52063
74756,0, 0, 1659, 52063
74848,0, 0, 1659, 52063
74898,0, 0, 1659, 52063
74948,0, 0, 1659, 52073
74998,0, 0, 1659, 52073
75048,0, 0, 1659, 52073
75098,0, 0, 1659, 52073
75148,0, 0, 1653, 52073
75198,0, 0, 1653, 52073
75248,0, 0, 1653, 52073
75298,0, 0, 1653, 52073
75348,0, 0, 1653, 52075
75398,0, 0, 1653, 52075
75534,0, 0, 1653, 52075
75584,0, 0, 1578, 52075
75634,0, 0, 1578, 52075
75684,0, 0, 1578, 52075
75734,0, 0, 1578, 52075
75784,0, 0, 1578, 52085
75834,0, 0, 1578, 52085
75884,0, 0, 1578, 52085
75934,0, 0, 1578, 52085
76026,0, 0, 1612, 52085
76076,0, 0, 1612, 52085
76126,0, 0, 1612, 52085
76176,0, 0, 1612, 52071
76226,0, 0, 1612, 52071
76276,0, 0, 1612, 52071
76326,0, 0, 1612, 52071
76376,0, 0, 1621, 52071
76426,0, 0, 1621, 52071
76476,0, 0, 1621, 52071
76526,0, 0, 1621, 52071
76662,0, 0, 1621, 52079
76712,0, 0, 1621, 52079
76762,0, 0, 1630, 52079
76812,0, 0, 1630, 52079
76862,0, 0, 1630, 52079
76912,0, 0, 1630, 52079
76962,0, 0, 1630, 52082
77012,0, 0, 1630, 52082
77062,0, 0, 1630, 52082
77112,0, 0, 1630, 52082
77204,0, 0, 1628, 52082
77254,0, 0, 1628, 52082
77304,0, 0, 1628, 52082
77354,0, 0, 1628, 52082
77404,0, 0, 1628, 52069
77454,0, 0, 1628, 52069
77504,0, 0, 1628, 52069
77554,0, 0, 1628, 52069
77604,0, 0, 1611, 52069
77654,0, 0, 1611, 52069
77790,0, 0, 1611, 52076
77840,0, 0, 1611, 52076
77890,0, 0, 1611, 52076
77940,0, 0, 1611, 52076
77990,0, 0, 1631, 52076
78040,0, 0, 1631, 52076
78090,0, 0, 1631, 52076
78140,0, 0, 1631, 52076
78190,0, 0, 1631, 52073
78240,0, 0, 1631, 52073
78290,0, 0, 1631, 52073
78340,0, 0, 1631, 52073
78432,0, 0, 1607, 52073
78482,0, 0, 1607, 52073
78532,0, 0, 1607, 52073
78582,0, 0, 1607, 52075
78632,0, 0, 1607, 52075
78682,0, 0, 1607, 52075
78732,0, 0, 1607, 52075
78782,0, 0, 1652, 52075
78917,0, 0, 1652, 52075
78967,0, 0, 1652, 52074
79017,0, 0, 1652, 52074
79067,0, 0, 1652, 52074
79117,0, 0, 1652, 52074
79167,0, 0, 1648, 52074
79217,0, 0, 1648, 52074
79267,0, 0, 1648, 52074
79317,0, 0, 1648, 52074
79367,0, 0, 1648, 52068
79417,0, 0, 1648, 52068
79467,0, 0, 1648, 52068
79517,0, 0, 1648, 52068
79609,0, 0, 1621, 52068
79659,0, 0, 1621, 52068
79709,0, 0, 1621, 52068
79759,0, 0, 1621, 52068
79809,0, 0, 1621, 52070
79859,0, 0, 1621, 52070
79909,0, 0, 1621, 52070
80044,0, 0, 1628, 52070
80094,0, 0, 1628, 52070
80144,0, 0, 1628, 52070
80194,0, 0, 1628, 52076
80244,0, 0, 1628, 52076
80294,0, 0, 1628, 52076
80344,0, 0, 1628, 52076
80394,0, 0, 1636, 52076
80444,0, 0, 1636, 52076
80494,0, 0, 1636, 52076
80544,0, 0, 1636, 52076
80594,0, 0, 1636, 52071
80644,0, 0, 1636, 52071
80694,0, 0, 1636, 52071
80786,0, 0, 1647, 52071
80836,0, 0, 1647, 52071
80886,0, 0, 1647, 52071
80936,0, 0, 1647, 52071
80986,0, 0, 1647, 52076
81036,0, 0, 1647, 52076
81172,0, 0, 1647, 52076
81222,0, 0, 1620, 52076
81272,0, 0, 1620, 52076
81322,0, 0, 1620, 52076
81372,0, 0, 1620, 52076
81422,0, 0, 1620, 52068
81472,0, 0, 1620, 52068
81522,0, 0, 1620, 52068
81572,0, 0, 1620, 52068
81622,0, 0, 1634, 52068
81672,0, 0, 1634, 52068
81722,0, 0, 1634, 52068
81772,0, 0, 1634, 52068
81822,0, 0, 1634, 52076
81872,0, 0, 1634, 52076
81922,0, 0, 1634, 52076
82014,0, 0, 1598, 52076
82064,0, 0, 1598, 52076
82114,0, 0, 1598, 52076
82164,0, 0, 1598, 52076
82300,0, 0, 1598, 52072
82350,0, 0, 1598, 52072
82400,0, 0, 1601, 52072
82450,0, 0, 1601, 52072
82500,0, 0, 1601, 52072
82550,0, 0, 1601, 52072
82600,0, 0, 1601, 52072
82650,0, 0, 1601, 52072
82700,0, 0, 1601, 52072
82750,0, 0, 1601, 52072
82800,0, 0, 1616, 52072
82850,0, 0, 1616, 52072
82900,0, 0, 1616, 52072
82950,0, 0, 1616, 52072
83000,0, 0, 1616, 52072
83050,0, 0, 1616, 52072
83100,0, 0, 1616, 52072
83192,0, 0, 1616, 52072
83242,0, 0, 1591, 52072
83292,0, 0, 1591, 52072
83428,0, 0, 1591, 52074
83478,0, 0, 1591, 52074
83528,0, 0, 1591, 52074
83578,0, 0, 1591, 52074
83628,0, 0, 1567, 52074
83678,0, 0, 1567, 52074
83728,0, 0, 1567, 52074
83778,0, 0, 1567, 52074
83828,0, 0, 1567, 52083
83878,0, 0, 1567, 52083
83928,0, 0, 1567, 52083
83978,0, 0, 1567, 52083
84028,0, 0, 1572, 52083
84078,0, 0, 1572, 52083
84128,0, 0, 1572, 52083
84178,0, 0, 1572, 52083
84314,0, 0, 1572, 52076
84364,0, 0, 1572, 52076
84456,0, 0, 1593, 52076
84506,0, 0, 1593, 52076
84556,0, 0, 1593, 52076
84606,0, 0, 1593, 52075
84656,0, 0, 1593, 52075
84706,0, 0, 1593, 52075
84756,0, 0, 1593, 52075
84806,0, 0, 1575, 52075
84856,0, 0, 1575, 52075
84906,0, 0, 1575, 52075
84956,0, 0, 1575, 52075
85006,0, 0, 1575, 52063
85056,0, 0, 1575, 52063
85106,0, 0, 1575, 52063
85156,0, 0, 1575, 52063
85206,0, 0, 1599, 52063
85256,0, 0, 1599, 52063
85306,0, 0, 1599, 52063
85442,0, 0, 1599, 52062
85492,0, 0, 1599, 52062
85542,0, 0, 1599, 52062
85592,0, 0, 1599, 52062
85684,0, 0, 1617, 52062
85734,0, 0, 1617, 52062
85784,0, 0, 1617, 52062
85834,0, 0, 1617, 52075
85884,0, 0, 1617, 52075
85934,0, 0, 1617, 52075
85984,0, 0, 1617, 52075
86034,0, 0, 1610, 52075
86084,0, 0, 1610, 52075
86134,0, 0, 1610, 52075
86184,0, 0, 1610, 52075
86234,0, 0, 1610, 52060
86284,0, 0, 1610, 52060
86334,0, 0, 1610, 52060
86384,0, 0, 1610, 52060
86434,0, 0, 1640, 52060
86571,0, 0, 1640, 52060
86621,0, 0, 1640, 52279
86671,0, 0, 1640, 52279
86721,0, 0, 1640, 52279
86771,0, 0, 1640, 52279
86863,0, 0, 363, 52279
86913,0, 0, 363, 52279
86963,0, 0, 363, 52279
87013,0, 0, 363, 52284
87063,0, 0, 363, 52284
87113,0, 0, 363, 52284
87163,0, 0, 363, 52284
87213,0, 0, 363, 52284
87263,0, 0, 340, 52284
87313,0, 0, 340, 52284
87363,0, 0, 340, 52284
87413,0, 0, 340, 52284
87463,0, 0, 340, 52289
87513,0, 0, 340, 52289
87563,0, 0, 340, 52289
87699,0, 0, 338, 52289
87749,0, 0, 338, 52289
87799,0, 0, 338, 52289
87849,0, 0, 338, 52292
87899,0, 0, 338, 52292
87949,0, 0, 338, 52292
87999,0, 0, 338, 52292
88091,0, 0, 337, 52292
88141,0, 0, 337, 52292
88191,0, 0, 337, 52292
88241,0, 0, 337, 52296
88291,0, 0, 337, 52296
88341,0, 0, 337, 52296
88391,0, 0, 337, 52296
88441,0, 0, 339, 52296
88491,0, 0, 339, 52296
88541,0, 0, 339, 52296
88591,0, 0, 339, 52296
88641,0, 0, 339, 52297
88691,0, 0, 339, 52297
88826,0, 0, 339, 52297
88876,0, 0, 339, 52297
88926,0, 0, 339, 52297
88976,0, 0, 339, 52297
89026,0, 0, 339, 52297
89076,0, 0, 339, 52301
89126,0, 0, 339, 52301
89176,0, 0, 339, 52301
89226,0, 0, 339, 52301
89360,0, 0, 338, 52301
89410,0, 0, 338, 52301
89460,0, 0, 338, 52303
89510,0, 0, 338, 52303
89560,0, 0, 338, 52303
89610,0, 0, 338, 52303
89660,0, 0, 337, 52303
89710,0, 0, 337, 52303
89760,0, 0, 337, 52303
89810,0, 0, 337, 52303
89860,0, 0, 337, 52305
90165,0, 0, 336, 52305
90215,0, 0, 336, 52305
90265,0, 0, 336, 52307
90315,0, 0, 336, 52307
90365,0, 0, 336, 52307
90415,0, 0, 336, 52307
90465,0, 0, 338, 52307
90515,0, 0, 338, 52307
90565,0, 0, 338, 52307
90615,0, 0, 338, 52307
90665,0, 0, 338, 52309
90715,0, 0, 338, 52309
90807,0, 0, 338, 52309
90857,0, 0, 339, 52309
90907,0, 0, 339, 52309
90957,0, 0, 339, 52309
91007,0, 0, 339, 52309
91057,0, 0, 339, 52311
91107,0, 0, 339, 52311
91157,0, 0, 339, 52311
91334,0, 0, 338, 52311
91384,0, 0, 338, 52311
91434,0, 0, 338, 52311
91484,0, 0, 338, 52313
91534,0, 0, 338, 52313
91584,0, 0, 338, 52313
91634,0, 0, 338, 52313
91684,0, 0, 337, 52313
91734,0, 0, 337, 52313
91784,0, 0, 337, 52313
91834,0, 0, 337, 52313
91884,0, 0, 337, 52315
91934,0, 0, 337, 52315
91984,0, 0, 337, 52315
92076,0, 0, 337, 52315
92126,0, 0, 337, 52315
92176,0, 0, 337, 52315
92226,0, 0, 337, 52315
92276,0, 0, 337, 52316
92326,0, 0, 337, 52316
92462,0, 0, 338, 52316
92512,0, 0, 338, 52316
92562,0, 0, 338, 52316
92612,0, 0, 338, 52316
92662,0, 0, 338, 52318
92712,0, 0, 338, 52318
92762,0, 0, 338, 52318
92812,0, 0, 338, 52318
92862,0, 0, 339, 52318
92912,0, 0, 339, 52318
92962,0, 0, 339, 52318
93012,0, 0, 339, 52318
93062,0, 0, 339, 52319
93112,0, 0, 339, 52319
93162,0, 0, 339, 52319
93212,0, 0, 339, 52319
93304,0, 0, 338, 52319
93354,0, 0, 338, 52319
93404,0, 0, 338, 52319
93454,0, 0, 338, 52319
93590,0, 0, 338, 52322
93640,0, 0, 338, 52322
93690,0, 0, 336, 52322
93740,0, 0, 336, 52322
93790,0, 0, 336, 52322
93840,0, 0, 336, 52322
93890,0, 0, 336, 52323
93940,0, 0, 336, 52323
93990,0, 0, 336, 52323
94040,0, 0, 336, 52323
94090,0, 0, 337, 52323
94140,0, 0, 337, 52323
94190,0, 0, 337, 52323
94240,0, 0, 337, 52323
94290,0, 0, 337, 52324
94340,0, 0, 337, 52324
94390,0, 0, 337, 52324
94440,0, 0, 337, 52324
94532,0, 0, 339, 52324
94582,0, 0, 339, 52324
94718,0, 0, 339, 52325
94768,0, 0, 339, 52325
94818,0, 0, 339, 52325
94868,0, 0, 339, 52325
94918,0, 0, 338, 52325
94968,0, 0, 338, 52325
95018,0, 0, 338, 52325
95068,0, 0, 338, 52325
95118,0, 0, 338, 52326
95168,0, 0, 338, 52326
95218,0, 0, 338, 52326
95268,0, 0, 338, 52326
95318,0, 0, 337, 52326
95368,0, 0, 337, 52326
95418,0, 0, 337, 52326
95468,0, 0, 337, 52326
95518,0, 0, 337, 52328
95568,0, 0, 337, 52328
95618,0, 0, 337, 52328
95668,0, 0, 337, 52328
95804,0, 0, 337, 52328
95896,0, 0, 337, 52353
95946,0, 0, 337, 52353
95996,0, 0, 337, 52353
96046,0, 0, 337, 52353
96096,0, 0, 196, 52353
96146,0, 0, 196, 52353
96196,0, 0, 196, 52353
96246,0, 0, 196, 52353
96296,0, 0, 196, 52355
96346,0, 0, 196, 52355
96396,0, 0, 196, 52355
96446,0, 0, 196, 52355
96496,0, 0, 193, 52355
96546,0, 0, 193, 52355
96596,0, 0, 193, 52355
96646,0, 0, 193, 52355
96696,0, 0, 193, 52356
96746,0, 0, 193, 52356
96796,0, 0, 193, 52356
96932,0, 0, 193, 52356
96982,0, 0, 193, 52356
97032,0, 0, 193, 52356
97124,0, 0, 193, 52358
97174,0, 0, 193, 52358
97224,0, 0, 193, 52358
97274,0, 0, 193, 52358
97324,0, 0, 193, 52358
97374,0, 0, 193, 52358
97424,0, 0, 193, 52358
97474,0, 0, 193, 52358
97524,0, 0, 193, 52359
97574,0, 0, 193, 52359
97624,0, 0, 193, 52359
97674,0, 0, 193, 52359
97724,0, 0, 193, 52359
97774,0, 0, 193, 52359
97824,0, 0, 193, 52359
97874,0, 0, 193, 52359
97924,0, 0, 193, 52362
98060,0, 0, 193, 52362
98110,0, 0, 193, 52362
98160,0, 0, 193, 52362
98210,0, 0, 193, 52362
98260,0, 0, 193, 52362
98352,0, 0, 193, 52363
98402,0, 0, 193, 52363
98452,0, 0, 193, 52363
98502,0, 0, 193, 52363
98552,0, 0, 193, 52363
98602,0, 0, 193, 52363
98652,0, 0, 193, 52363
98702,0, 0, 193, 52363
98752,0, 0, 193, 52363
98802,0, 0, 193, 52363
98852,0, 0, 193, 52363
98987,0, 0, 192, 52363
99037,0, 0, 192, 52363
99087,0, 0, 192, 52363
99137,0, 0, 192, 52366
99187,0, 0, 192, 52366
99237,0, 0, 192, 52366
99287,0, 0, 192, 52366
99337,0, 0, 192, 52366
99387,0, 0, 192, 52366
99437,0, 0, 192, 52366
99487,0, 0, 192, 52366
99579,0, 0, 192, 52366
99629,0, 0, 192, 52366
99679,0, 0, 192, 52366
99729,0, 0, 193, 52366
99779,0, 0, 193, 52366
99829,0, 0, 193, 52366
99879,0, 0, 193, 52366
99929,0, 0, 193, 52368
99979,0, 0, 193, 52368
100114,0, 0, 193, 52368
100164,0, 0, 193, 52368
100214,0, 0, 193, 52368
100264,0, 0, 193, 52368
100314,0, 0, 193, 52369
100364,0, 0, 193, 52369
100414,0, 0, 193, 52369
100464,0, 0, 193, 52369
100514,0, 0, 193, 52369
100564,0, 0, 193, 52369
100614,0, 0, 193, 52369
100664,0, 0, 193, 52369
100714,0, 0, 193, 52370
100806,0, 0, 193, 52370
100856,0, 0, 193, 52370
100906,0, 0, 193, 52370
100956,0, 0, 194, 52370
101006,0, 0, 194, 52370
101056,0, 0, 194, 52370
101106,0, 0, 194, 52370
101242,0, 0, 194, 52372
101292,0, 0, 194, 52372
101342,0, 0, 193, 52372
101392,0, 0, 193, 52372
101442,0, 0, 193, 52372
101492,0, 0, 193, 52372
101542,0, 0, 193, 52372
101592,0, 0, 193, 52372
101642,0, 0, 193, 52372
101692,0, 0, 193, 52372
101742,0, 0, 192, 52372
101792,0, 0, 192, 52372
101842,0, 0, 192, 52372
101892,0, 0, 192, 52372
101942,0, 0, 192, 52374
102034,0, 0, 192, 52374
102084,0, 0, 192, 52374
102134,0, 0, 192, 52374
102184,0, 0, 192, 52374
102234,0, 0, 192, 52374
102370,0, 0, 192, 52375
102420,0, 0, 192, 52375
102470,0, 51069, 192, 52375
102520,0, 51069, 192, 52375
102570,0, 51069, 194, 52375
102620,0, 51069, 194, 52375
102670,0, 51069, 194, 52375
102720,0, 51069, 194, 52375
102770,0, 51069, 194, 52376
102820,0, 51069, 194, 52376
102870,0, 51069, 194, 52376
102920,0, 51069, 194, 52376
102970,0, 51069, 192, 52376
103020,0, 51069, 192, 52376
103112,0, 51069, 192, 52376
103162,0, 51069, 192, 52376
103212,0, 51069, 192, 52376
103262,0, 51069, 192, 52376
103312,0, 51069, 192, 52376
103362,0, 51069, 192, 52376
103498,0, 51069, 192, 52376
103548,0, 51069, 192, 52378
103598,0, 51069, 192, 52378
103648,0, 0, 192, 52378
103698,0, 0, 192, 52378
103748,0, 0, 192, 52378
103798,0, 0, 192, 52378
103848,0, 0, 192, 52378
103898,0, 0, 192, 52378
103948,0, 0, 192, 52379
103998,0, 0, 192, 52379
104048,0, 0, 192, 52379
104098,0, 0, 192, 52379
104148,0, 0, 193, 52379
104240,0, 0, 193, 52379
104290,0, 0, 193, 52379
104340,0, 0, 193, 52380
104390,0, 0, 193, 52380
104440,0, 0, 193, 52380
104490,0, 0, 193, 52380
104627,0, 0, 193, 52380
104677,0, 0, 193, 52380
104727,0, 0, 193, 52380
104777,0, 0, 193, 52382
104827,0, 0, 193, 52382
104877,0, 0, 193, 52382
104927,0, 0, 193, 52382
104977,0, 0, 193, 52382
105027,0, 0, 193, 52382
105077,0, 0, 193, 52382
105127,0, 0, 193, 52382
105177,0, 0, 193, 52382
105227,0, 0, 193, 52382
105277,0, 0, 193, 52382
105327,0, 0, 193, 52382
105419,0, 0, 192, 52382
105469,0, 0, 192, 52382
105519,0, 0, 192, 52382
105569,0, 0, 192, 52382
105619,0, 0, 192, 52382
105755,0, 0, 192, 52382
105805,0, 0, 192, 52382
105855,0, 0, 192, 52382
105905,0, 0, 192, 52382
105955,0, 0, 192, 52384
106005,0, 0, 192, 52384
106055,0, 0, 192, 52384
106105,0, 0, 192, 52384
106155,0, 0, 193, 52384
106205,0, 0, 193, 52384
106255,0, 0, 193, 52384
106305,0, 0, 193, 52384
106355,0, 0, 193, 52385
106405,0, 0, 193, 52385
106455,0, 0, 193, 52385
106505,0, 0, 193, 52385
106597,0, 0, 193, 52385
106647,0, 0, 193, 52385
106697,0, 0, 193, 52385
106747,0, 0, 193, 52386
106883,0, 0, 193, 52386
106933,0, 0, 193, 52386
106983,0, 0, 193, 52386
107033,0, 0, 193, 52386
107083,0, 0, 193, 52386
107133,0, 0, 193, 52386
107183,0, 0, 193, 52386
107233,0, 0, 193, 52386
107283,0, 0, 193, 52386
107333,0, 0, 193, 52386
107383,0, 0, 193, 52386
107433,0, 0, 193, 52386
107483,0, 0, 193, 52386
107533,0, 0, 193, 52386
107583,0, 0, 193, 52388
107633,0, 0, 193, 52388
107683,0, 0, 193, 52388
107733,0, 0, 193, 52388
107825,0, 0, 192, 52388
107875,0, 0, 192, 52388
108010,0, 0, 192, 52388
108060,0, 0, 192, 52388
108110,0, 0, 192, 52388
108160,0, 0, 192, 52388
108210,0, 0, 193, 52388
108260,0, 0, 193, 52388
108310,0, 0, 193, 52388
108360,0, 0, 193, 52388
108410,0, 0, 193, 52390
108460,0, 0, 193, 52390
108510,0, 0, 193, 52390
108560,0, 0, 193, 52390
108610,0, 0, 193, 52390
108660,0, 0, 193, 52390
108710,0, 0, 193, 52390
108760,0, 0, 193, 52390
108810,0, 0, 193, 52390
108860,0, 0, 193, 52390
108910,0, 0, 193, 52390
109002,0, 0, 193, 52390
109137,0, 0, 193, 52390
109187,0, 0, 193, 52391
109237,0, 0, 193, 52391
109287,0, 0, 193, 52391
109337,0, 0, 193, 52391
109387,0, 0, 193, 52391
109437,0, 0, 193, 52391
109487,0, 0, 193, 52391
109537,0, 0, 193, 52391
109587,0, 0, 193, 52392
109637,0, 0, 193, 52392
109687,0, 0, 193, 52392
109737,0, 0, 193, 52392
109787,0, 0, 192, 52392
109837,0, 0, 192, 52392
109887,0, 0, 192, 52392
109937,0, 0, 192, 52392
109987,0, 0, 192, 52392
110037,0, 0, 192, 52392
110087,0, 0, 192, 52392
110265,0, 0, 193, 52392
110315,0, 0, 193, 52392
110365,0, 0, 193, 52392
110415,0, 0, 193, 52393
110465,0, 0, 193, 52393
110515,0, 0, 193, 52393
110565,0, 0, 193, 52393
110615,0, 0, 194, 52393
110665,0, 0, 194, 52393
110715,0, 0, 194, 52393
110765,0, 0, 194, 52393
110815,0, 0, 194, 52394
110865,0, 0, 194, 52394
110915,0, 0, 194, 52394
110965,0, 0, 194, 52394
111015,0, 0, 193, 52394
111065,0, 0, 193, 52394
111115,0, 0, 193, 52394
111165,0, 0, 193, 52394
111215,0, 0, 193, 52395
111351,0, 0, 193, 52395
111401,0, 0, 192, 52395
111493,0, 0, 192, 52395
111543,0, 0, 192, 52395
111593,0, 0, 192, 52395
111643,0, 0, 192, 52395
111693,0, 0, 192, 52395
111743,0, 0, 192, 52395
111793,0, 0, 192, 52395
111843,0, 0, 192, 52395
111893,0, 0, 192, 52395
111943,0, 0, 192, 52395
111993,0, 0, 192, 52397
112043,0, 0, 192, 52397
112093,0, 0, 192, 52397
112143,0, 0, 192, 52397
112193,0, 0, 193, 52397
112243,0, 0, 193, 52397
112293,0, 0, 193, 52397
112343,0, 0, 193, 52397
112479,0, 0, 193, 52396
112529,0, 0, 193, 52396
112579,0, 0, 193, 52396
112671,0, 0, 194, 52396
112721,0, 0, 194, 52396
112771,0, 0, 194, 52396
112821,0, 0, 194, 52398
112871,0, 0, 194, 52398
112921,0, 0, 194, 52398
112971,0, 0, 194, 52398
113021,0, 0, 193, 52398
113071,0, 0, 193, 52398
113121,0, 0, 193, 52398
113171,0, 0, 193, 52398
113221,0, 0, 193, 52398
113271,0, 0, 193, 52398
113407,0, 0, 193, 52398
113457,0, 0, 193, 52398
113507,0, 0, 193, 52398
113557,0, 0, 193, 52398
113607,0, 0, 193, 52398
113657,0, 0, 193, 52398
113707,0, 0, 193, 52398
113757,0, 0, 193, 52398
113849,0, 0, 193, 52398
113899,0, 0, 193, 52398
113949,0, 0, 193, 52398
113999,0, 0, 193, 52398
114049,0, 0, 193, 52399
114099,0, 0, 193, 52399
114149,0, 0, 193, 52399
114199,0, 0, 193, 52399
114249,0, 0, 192, 52399
114299,0, 0, 192, 52399
114349,0, 0, 192, 52399
114399,0, 0, 192, 52399
114535,0, 0, 192, 52399
114585,0, 0, 192, 52399
114635,0, 0, 193, 52399
114685,0, 0, 193, 52399
114735,0, 0, 193, 52399
114785,0, 0, 193, 52399
114835,0, 0, 193, 52401
114885,0, 0, 193, 52401
114935,0, 0, 193, 52401
114985,0, 0, 193, 52401
115077,0, 0, 193, 52401
115127,0, 0, 193, 52401
115177,0, 0, 193, 52401
115227,0, 0, 193, 52402
115277,0, 0, 193, 52402
115327,0, 0, 193, 52402
115377,0, 0, 193, 52402
115427,0, 0, 193, 52402
115477,0, 0, 193, 52402
115527,0, 0, 193, 52402
115663,0, 0, 193, 52402
115713,0, 0, 193, 52402
115763,0, 0, 193, 52402
115813,0, 0, 193, 52402
115863,0, 0, 193, 52402
115913,0, 0, 193, 52402
115963,0, 0, 193, 52402
116013,0, 0, 193, 52402
116063,0, 0, 193, 52402
116113,0, 0, 193, 52402
116163,0, 0, 193, 52402
116255,0, 0, 193, 52402
116305,0, 0, 193, 52402
116355,0, 0, 193, 52402
116405,0, 0, 193, 52402
116455,0, 0, 193, 52403
116505,0, 0, 193, 52403
116555,0, 0, 193, 52403
116605,0, 0, 193, 52403
116655,0, 0, 194, 52403
116791,0, 0, 194, 52403
116841,0, 0, 194, 52404
116891,0, 0, 194, 52404
116941,0, 0, 194, 52404
116991,0, 0, 194, 52404
117041,0, 0, 193, 52404
117091,0, 0, 193, 52404
117141,0, 0, 193, 52404
117191,0, 0, 193, 52404
117241,0, 0, 193, 52405
117291,0, 0, 193, 52405
117341,0, 0, 193, 52405
117433,0, 0, 192, 52405
117483,0, 0, 192, 52405
117533,0, 0, 192, 52405
117583,0, 0, 192, 52405
117633,0, 0, 192, 52406
117683,0, 0, 192, 52406
117733,0, 0, 192, 52406
117783,0, 0, 192, 52406
117918,0, 0, 193, 52406
117968,0, 0, 193, 52406
118018,0, 0, 193, 52406
118068,0, 0, 193, 52406
118118,0, 0, 193, 52406
118168,0, 0, 193, 52406
118218,0, 0, 193, 52406
118268,0, 0, 193, 52406
118318,0, 0, 193, 52406
118368,0, 0, 193, 52406
118418,0, 0, 193, 52406
118468,0, 0, 193, 52406
118518,0, 0, 193, 52406
118568,0, 0, 193, 52406
118660,0, 0, 193, 52406
118710,0, 0, 193, 52406
118760,0, 0, 193, 52406
118810,0, 0, 193, 52406
118860,0, 0, 193, 52407
118910,0, 0, 193, 52407
119045,0, 0, 193, 52407
119095,0, 0, 193, 52407
119145,0, 0, 193, 52407
119195,0, 0, 193, 52407
119245,0, 0, 193, 52407
119295,0, 0, 193, 52407
119345,0, 0, 193, 52407
119395,0, 0, 193, 52407
119445,0, 0, 193, 52407
119495,0, 0, 193, 52407
119545,0, 0, 193, 52407
119595,0, 0, 193, 52407
119645,0, 0, 193, 52407
119695,0, 0, 193, 52407
119745,0, 0, 193, 52407
119837,0, 0, 192, 52407
119887,0, 0, 192, 52407
119937,0, 0, 192, 52407
119987,0, 0, 192, 52407
120037,0, 0, 192, 52410
120173,0, 0, 192, 52410
120223,0, 0, 192, 52410
120273,0, 0, 193, 52410
120323,0, 0, 193, 52410
120373,0, 0, 193, 52410
120423,0, 0, 193, 52410
120473,0, 0, 193, 52409
120523,0, 0, 193, 52409
120573,0, 0, 193, 52409
120623,0, 0, 193, 52409
120673,0, 0, 193, 52409
120723,0, 0, 193, 52409
120773,0, 0, 193, 52409
120823,0, 0, 193, 52409
120873,0, 0, 193, 52410
120923,0, 0, 193, 52410
121015,0, 0, 193, 52410
121065,0, 0, 193, 52410
121115,0, 0, 193, 52410
121165,0, 0, 193, 52410
121301,0, 0, 193, 52409
121351,0, 0, 193, 52409
121401,0, 0, 193, 52409
121451,0, 0, 192, 52409
121501,0, 0, 192, 52409
121551,0, 0, 192, 52409
121601,0, 0, 192, 52409
121651,0, 0, 192, 52410
121701,0, 0, 192, 52410
121751,0, 0, 192, 52410
121801,0, 0, 192, 52410
121851,0, 0, 193, 52410
121901,0, 0, 193, 52410
121951,0, 0, 193, 52410
122001,0, 0, 193, 52410
122051,0, 0, 193, 52410
122101,0, 0, 193, 52411
122151,0, 0, 193, 52411
122243,0, 0, 193, 52411
122293,0, 0, 193, 52411
122429,0, 0, 193, 52411
122479,0, 0, 193, 52411
122529,0, 0, 193, 52411
122579,0, 0, 193, 52411
122629,0, 0, 193, 52411
122679,0, 0, 193, 52411
122729,0, 0, 193, 52411
122779,0, 0, 193, 52411
122829,0, 0, 193, 52411
122879,0, 0, 193, 52412
122929,0, 0, 193, 52412
122979,0, 0, 193, 52412
123029,0, 0, 193, 52412
123079,0, 0, 192, 52412
123129,0, 0, 192, 52412
123179,0, 0, 192, 52412
123229,0, 0, 192, 52412
123279,0, 0, 192, 52413
123329,0, 0, 192, 52413
123421,0, 0, 192, 52413
123558,0, 0, 192, 52413
123608,0, 0, 192, 52413
123658,0, 0, 192, 52413
123708,0, 0, 192, 52413
123758,0, 0, 192, 52413
123808,0, 0, 192, 52413
123858,0, 0, 192, 52413
123908,0, 0, 194, 52413
123958,0, 0, 194, 52413
124008,0, 0, 194, 52413
124058,0, 0, 194, 52413
124108,0, 0, 194, 52413
124158,0, 0, 194, 52413
124208,0, 0, 194, 52413
124258,0, 0, 194, 52413
124308,0, 0, 193, 52413
124358,0, 0, 193, 52413
124408,0, 0, 193, 52413
124458,0, 0, 193, 52413
124508,0, 0, 193, 52414
124686,0, 0, 194, 52414
124736,0, 0, 194, 52414
124786,0, 0, 194, 52414
124836,0, 0, 194, 52414
124886,0, 0, 194, 52414
124936,0, 0, 194, 52414
124986,0, 0, 194, 52414
125036,0, 0, 194, 52414
125086,0, 0, 194, 52414
125136,0, 0, 194, 52414
125186,0, 0, 194, 52414
125236,0, 0, 194, 52414
125286,0, 0, 194, 52415
125336,0, 0, 194, 52415
125386,0, 0, 194, 52415
125436,0, 0, 194, 52415
125486,0, 0, 193, 52415
125536,0, 0, 193, 52415
125586,0, 0, 193, 52415
125636,0, 0, 193, 52415
125772,0, 0, 193, 52416
125822,0, 0, 193, 52416
125914,0, 0, 193, 52416
125964,0, 0, 193, 52416
126014,0, 0, 193, 52416
126064,0, 0, 193, 52416
126114,0, 0, 193, 52416
126164,0, 0, 193, 52416
126214,0, 0, 193, 52416
126264,0, 0, 193, 52416
126314,0, 0, 194, 52416
126364,0, 0, 194, 52416
126414,0, 0, 194, 52416
126464,0, 0, 194, 52416
126514,0, 0, 194, 52416
126564,0, 0, 194, 52416
126614,0, 0, 194, 52416
126664,0, 0, 194, 52416
126714,0, 0, 193, 52416
126764,0, 0, 193, 52416
126900,0, 0, 193, 52417
126950,0, 0, 193, 52417
127000,0, 0, 193, 52417
127092,0, 0, 193, 52417
127142,0, 0, 193, 52417
127192,0, 0, 193, 52417
127242,0, 0, 193, 52417
127292,0, 0, 193, 52417
127342,0, 0, 193, 52417
127392,0, 0, 193, 52417
127442,0, 0, 193, 52417
127492,0, 0, 192, 52417
127542,0, 0, 192, 52417
127592,0, 0, 192, 52417
127642,0, 0, 192, 52417
127692,0, 0, 192, 52417
127827,0, 0, 192, 52417
127877,0, 0, 192, 52417
127927,0, 0, 193, 52417
127977,0, 0, 193, 52417
128027,0, 0, 193, 52417
128077,0, 0, 193, 52417
128127,0, 0, 193, 52417
128177,0, 0, 193, 52417
128311,0, 0, 193, 52417
128361,0, 0, 193, 52417
128411,0, 0, 193, 52417
128461,0, 0, 193, 52417
128511,0, 0, 193, 52418
128561,0, 0, 193, 52418
128611,0, 0, 193, 52418
128661,0, 0, 193, 52418
128711,0, 0, 193, 52418
128761,0, 0, 193, 52418
128811,0, 0, 193, 52418
128861,0, 0, 193, 52418
129166,0, 0, 194, 52418
129216,0, 0, 194, 52418
129266,0, 0, 194, 52418
129316,0, 0, 194, 52418
129366,0, 0, 194, 52418
129416,0, 0, 194, 52418
129466,0, 0, 194, 52418
129516,0, 0, 193, 52418
129566,0, 0, 193, 52418
129616,0, 0, 193, 52418
129708,0, 0, 193, 52420
129758,0, 0, 193, 52420
129808,0, 0, 193, 52420
129858,0, 0, 193, 52420
129908,0, 0, 192, 52420
129958,0, 0, 192, 52420
130008,0, 0, 192, 52420
130058,0, 0, 192, 52420
130108,0, 0, 192, 52419
130158,0, 0, 192, 52419
130335,0, 0, 194, 52419
130385,0, 0, 194, 52419
130435,0, 0, 194, 52419
130485,0, 0, 194, 52419
130535,0, 0, 194, 52420
130585,0, 0, 194, 52420
130635,0, 0, 194, 52420
130685,0, 0, 194, 52420
130735,0, 0, 193, 52420
130785,0, 0, 193, 52420
130835,0, 0, 193, 52420
130927,0, 0, 193, 52420
130977,0, 0, 193, 52420
131027,0, 0, 193, 52420
131077,0, 0, 193, 52420
131127,0, 0, 192, 52420
131177,0, 0, 192, 52420
131227,0, 0, 192, 52420
131277,0, 0, 192, 52420
131327,0, 0, 192, 52420
131463,0, 0, 192, 52420
131513,0, 0, 192, 52420
131563,0, 0, 192, 52420
131613,0, 0, 192, 52420
131663,0, 0, 192, 52420
131713,0, 0, 192, 52421
131763,0, 0, 192, 52421
131813,0, 0, 192, 52421
131863,0, 0, 192, 52421
131913,0, 0, 192, 52421
131963,0, 0, 192, 52421
132013,0, 0, 192, 52421
132105,0, 0, 192, 52421
132155,0, 0, 192, 52421
132205,0, 0, 192, 52421
132255,0, 0, 192, 52421
132305,0, 0, 192, 52421
132355,0, 0, 193, 52421
132405,0, 0, 193, 52421
132455,0, 0, 193, 52421
132591,0, 0, 193, 52422
132641,0, 0, 193, 52422
132691,0, 0, 193, 52422
132741,0, 0, 194, 52422
132791,0, 0, 194, 52422
132841,0, 0, 194, 52422
132891,0, 0, 194, 52422
132941,0, 0, 194, 52421
132991,0, 0, 194, 52421
133041,0, 0, 194, 52421
133091,0, 0, 194, 52421
133141,0, 0, 193, 52421
133191,0, 0, 193, 52421
133241,0, 0, 193, 52421
133333,0, 0, 193, 52422
133383,0, 0, 193, 52422
133433,0, 0, 193, 52422
133483,0, 0, 193, 52422
133533,0, 0, 192, 52422
133583,0, 0, 192, 52422
133719,0, 0, 192, 52422
133769,0, 0, 192, 52422
133819,0, 0, 192, 52422
133869,0, 0, 192, 52422
133919,0, 0, 192, 52422
133969,0, 0, 192, 52422
134019,0, 0, 192, 52422
134069,0, 0, 192, 52422
134119,0, 0, 192, 52422
134169,0, 0, 192, 52422
134219,0, 0, 192, 52422
134269,0, 0, 192, 52422
134319,0, 0, 192, 52422
134369,0, 0, 194, 52422
134419,0, 0, 194, 52422
134511,0, 0, 194, 52422
134561,0, 0, 194, 52423
134611,0, 0, 194, 52423
134661,0, 0, 194, 52423
134711,0, 0, 194, 52423
134847,0, 0, 194, 52423
134897,0, 0, 194, 52423
134947,0, 0, 194, 52423
134997,0, 0, 194, 52423
135047,0, 0, 194, 52423
135097,0, 0, 194, 52423
135147,0, 0, 192, 52423
135197,0, 0, 192, 52423
135247,0, 0, 192, 52423
135297,0, 0, 192, 52423
135347,0, 0, 192, 52424
135397,0, 0, 192, 52424
135447,0, 0, 192, 52424
135497,0, 0, 192, 52424
135547,0, 0, 193, 52424
135597,0, 0, 193, 52424
135689,0, 0, 193, 52424
135739,0, 0, 193, 52424
135789,0, 0, 193, 52424
135839,0, 0, 193, 52424
135975,0, 0, 192, 52424
136025,0, 0, 192, 52424
136075,0, 0, 192, 52424
136125,0, 0, 192, 52424
136175,0, 0, 192, 52425
136225,0, 0, 192, 52425
136275,0, 0, 192, 52425
136325,0, 0, 192, 52425
136375,0, 0, 194, 52425
136425,0, 0, 194, 52425
136475,0, 0, 194, 52425
136525,0, 0, 194, 52425
136575,0, 0, 194, 52425
136625,0, 0, 194, 52425
136675,0, 0, 194, 52425
136725,0, 0, 194, 52425
136775,0, 0, 193, 52425
136825,0, 0, 193, 52425
136917,0, 0, 193, 52425
136967,0, 0, 193, 52426
137102,0, 0, 193, 52426
137152,0, 0, 193, 52426
137202,0, 0, 193, 52426
137252,0, 0, 193, 52426
137302,0, 0, 193, 52426
137352,0, 0, 193, 52426
137402,0, 0, 193, 52426
137452,0, 0, 193, 52426
137502,0, 0, 193, 52426
137552,0, 0, 192, 52426
137602,0, 0, 192, 52426
137652,0, 0, 192, 52426
137702,0, 0, 192, 52426
137752,0, 0, 192, 52426
137802,0, 0, 192, 52426
137852,0, 0, 192, 52426
137902,0, 0, 192, 52426
137952,0, 0, 193, 52426
138002,0, 0, 193, 52426
138094,0, 0, 193, 52426
138229,0, 0, 193, 52426
138279,0, 0, 193, 52426
138329,0, 0, 193, 52426
138379,0, 0, 194, 52426
138429,0, 0, 194, 52426
138479,0, 0, 194, 52426
138529,0, 0, 194, 52426
138579,0, 0, 194, 52426
138629,0, 0, 194, 52426
138679,0, 0, 194, 52426
138729,0, 0, 194, 52426
138779,0, 0, 194, 52426
138829,0, 0, 194, 52426
138879,0, 0, 194, 52426
138929,0, 0, 194, 52426
138979,0, 0, 194, 52426
139029,0, 0, 194, 52426
139079,0, 0, 194, 52426
139129,0, 0, 194, 52426
139179,0, 0, 191, 52426
139357,0, 0, 191, 52426
139407,0, 0, 191, 52427
139457,0, 0, 191, 52427
139507,0, 0, 191, 52427
139557,0, 0, 191, 52427
139607,0, 0, 194, 52427
139657,0, 0, 194, 52427
139707,0, 0, 194, 52427
139757,0, 0, 194, 52427
139807,0, 0, 194, 52427
139857,0, 0, 194, 52427
139907,0, 0, 194, 52427
139957,0, 0, 194, 52427
140007,0, 0, 192, 52427
140057,0, 0, 192, 52427
140107,0, 0, 192, 52427
140157,0, 0, 192, 52427
140207,0, 0, 192, 52427
140257,0, 0, 192, 52427
140307,0, 0, 192, 52427
140443,0, 0, 193, 52427
140493,0, 0, 193, 52427
140585,0, 0, 193, 52427
140635,0, 0, 193, 52427
140685,0, 0, 193, 52427
140735,0, 0, 193, 52427
140785,0, 0, 193, 52427
140835,0, 0, 193, 52427
140885,0, 0, 193, 52427
140935,0, 0, 193, 52427
140985,0, 0, 193, 52428
141035,0, 0, 193, 52428
141085,0, 0, 193, 52428
141135,0, 0, 193, 52428
141185,0, 0, 192, 52428
141235,0, 0, 192, 52428
141285,0, 0, 192, 52428
141335,0, 0, 192, 52428
141385,0, 0, 192, 52429
141435,0, 0, 192, 52429
141572,0, 0, 193, 52429
141622,0, 0, 193, 52429
141672,0, 0, 193, 52429
141764,0, 0, 193, 52429
141814,0, 0, 193, 52429
141864,0, 0, 193, 52429
141914,0, 0, 193, 52429
141964,0, 0, 193, 52429
142014,0, 0, 192, 52429
142064,0, 0, 192, 52429
142114,0, 0, 192, 52429
142164,0, 0, 192, 52429
142214,0, 0, 192, 52428
142264,0, 0, 192, 52428
142314,0, 0, 192, 52428
142364,0, 0, 192, 52428
142500,0, 0, 193, 52428
142550,0, 0, 193, 52428
142600,0, 0, 193, 52429
142650,0, 0, 193, 52429
142700,0, 0, 193, 52429
142750,0, 0, 193, 52429
142800,0, 0, 192, 52429
142850,0, 0, 192, 52429
142942,0, 0, 192, 52429
142992,0, 0, 192, 52429
143042,0, 0, 192, 52429
143092,0, 0, 192, 52429
143142,0, 0, 192, 52429
143192,0, 0, 192, 52429
143242,0, 0, 192, 52429
143292,0, 0, 192, 52429
143342,0, 0, 192, 52429
143392,0, 0, 192, 52430
143442,0, 0, 192, 52430
143492,0, 0, 192, 52430
143628,0, 0, 193, 52430
143678,0, 0, 193, 52430
143728,0, 0, 193, 52430
143778,0, 0, 193, 52430
143828,0, 0, 193, 52430
143878,0, 0, 193, 52430
143928,0, 0, 193, 52430
143978,0, 0, 193, 52430
144028,0, 0, 193, 52430
144078,0, 0, 193, 52430
144170,0, 0, 193, 52430
144220,0, 0, 193, 52430
144270,0, 0, 193, 52430
144320,0, 0, 193, 52430
144370,0, 0, 193, 52430
144420,0, 0, 194, 52430
144470,0, 0, 194, 52430
144520,0, 0, 194, 52430
144570,0, 0, 194, 52430
144620,0, 0, 194, 52431
144756,0, 0, 194, 52431
144806,0, 0, 193, 52431
144856,0, 0, 193, 52431
144906,0, 0, 193, 52431
144956,0, 0, 193, 52431
145006,0, 0, 193, 52430
145056,0, 0, 193, 52430
145106,0, 0, 193, 52430
145156,0, 0, 193, 52430
145206,0, 0, 192, 52430
145256,0, 0, 192, 52430
145348,0, 0, 192, 52430
145398,0, 0, 192, 52430
145448,0, 0, 192, 52430
145498,0, 0, 192, 52430
145548,0, 0, 192, 52430
145598,0, 0, 192, 52430
145648,0, 0, 192, 52430
145698,0, 0, 192, 52430
145748,0, 0, 192, 52430
145884,0, 0, 192, 52431
145934,0, 0, 192, 52431
145984,0, 0, 192, 52431
146034,0, 0, 192, 52431
146084,0, 0, 192, 52431
146134,0, 0, 192, 52431
146184,0, 0, 192, 52431
146234,0, 0, 192, 52431
146284,0, 0, 192, 52431
146334,0, 0, 192, 52431
146384,0, 0, 192, 52431
146434,0, 0, 193, 52431
146526,0, 0, 193, 52431
146576,0, 0, 193, 52431
146626,0, 0, 193, 52431
146676,0, 0, 193, 52431
146726,0, 0, 193, 52431
146776,0, 0, 193, 52431
146826,0, 0, 192, 52431
146876,0, 0, 192, 52431
147011,0, 0, 192, 52431
147061,0, 0, 192, 52431
147111,0, 0, 192, 52431
147161,0, 0, 192, 52431
147211,0, 0, 193, 52431
147261,0, 0, 193, 52431
147311,0, 0, 193, 52431
147361,0, 0, 193, 52431
147411,0, 0, 193, 52433
147461,0, 0, 193, 52433
147511,0, 0, 193, 52433
147561,0, 0, 193, 52433
147611,0, 0, 192, 52433
147661,0, 0, 192, 52433
147753,0, 0, 192, 52433
147803,0, 0, 192, 52433
147853,0, 0, 192, 52432
147903,0, 0, 192, 52432
147953,0, 0, 192, 52432
148003,0, 0, 192, 52432
148138,0, 0, 193, 52432
148188,0, 0, 193, 52432
148238,0, 0, 193, 52433
148288,0, 0, 193, 52433
148338,0, 0, 193, 52433
148388,0, 0, 193, 52433
148438,0, 0, 193, 52433
148488,0, 0, 193, 52433
148538,0, 0, 193, 52433
148588,0, 0, 193, 52433
148638,0, 0, 193, 52432
148688,0, 0, 193, 52432
148738,0, 0, 193, 52432
148788,0, 0, 193, 52432
148838,0, 0, 193, 52432
148930,0, 0, 193, 52432
148980,0, 0, 193, 52432
149030,0, 0, 193, 52432
149080,0, 0, 193, 52432
149130,0, 0, 193, 52432
149266,0, 0, 192, 52432
149316,0, 0, 192, 52432
149366,0, 0, 192, 52432
149416,0, 0, 192, 52432
149466,0, 0, 192, 52433
149516,0, 0, 192, 52433
149566,0, 0, 192, 52433
149616,0, 0, 192, 52433
149666,0, 0, 193, 52433
149716,0, 0, 193, 52433
149766,0, 0, 193, 52433
149816,0, 0, 193, 52433
149866,0, 0, 193, 52434
149916,0, 0, 193, 52434
149966,0, 0, 193, 52434
150016,0, 0, 193, 52434
150108,0, 0, 192, 52434
150158,0, 0, 192, 52434
150208,0, 0, 192, 52434
150258,0, 0, 192, 52433
150394,0, 0, 192, 52433
150444,0, 0, 193, 52433
150494,0, 0, 193, 52433
150544,0, 0, 193, 52433
150594,0, 0, 193, 52433
150644,0, 0, 193, 52433
150694,0, 0, 193, 52433
150744,0, 0, 193, 52433
150794,0, 0, 193, 52433
150844,0, 0, 193, 52433
150894,0, 0, 193, 52433
150944,0, 0, 193, 52433
150994,0, 0, 193, 52433
151044,0, 0, 193, 52434
151094,0, 0, 193, 52434
151144,0, 0, 193, 52434
151194,0, 0, 193, 52434
151244,0, 0, 192, 52434
151336,0, 0, 192, 52434
151386,0, 0, 192, 52434
151522,0, 0, 192, 52433
151572,0, 0, 192, 52433
151622,0, 0, 192, 52433
151672,0, 0, 193, 52433
151722,0, 0, 193, 52433
151772,0, 0, 193, 52433
151822,0, 0, 193, 52433
151872,0, 0, 193, 52433
151922,0, 0, 193, 52433
151972,0, 0, 193, 52433
152022,0, 0, 193, 52433
152072,0, 0, 192, 52433
152122,0, 0, 192, 52433
152172,0, 0, 192, 52433
152222,0, 0, 192, 52433
152272,0, 0, 192, 52434
152322,0, 0, 192, 52434
152372,0, 0, 192, 52434
152422,0, 0, 192, 52434
152514,0, 0, 192, 52434
152650,0, 0, 192, 52433
152700,0, 0, 192, 52433
152750,0, 0, 192, 52433
152800,0, 0, 192, 52433
152850,0, 0, 192, 52433
152900,0, 0, 192, 52433
152950,0, 0, 192, 52433
153000,0, 0, 192, 52433
153050,0, 0, 192, 52435
153100,0, 0, 192, 52435
153150,0, 0, 192, 52435
153200,0, 0, 192, 52435
153250,0, 0, 192, 52435
153300,0, 0, 192, 52435
153350,0, 0, 192, 52435
153400,0, 0, 192, 52435
153450,0, 0, 192, 52434
153500,0, 0, 192, 52434
153550,0, 0, 192, 52434
153600,0, 0, 192, 52434
153778,0, 51069, 191, 52434
153828,0, 51069, 191, 52434
153878,0, 51069, 191, 52436
153928,0, 51069, 191, 52436
153978,0, 51069, 191, 52436
154028,0, 51069, 191, 52436
154078,0, 51069, 192, 52436
154128,0, 51069, 192, 52436
154178,0, 51069, 192, 52436
154228,0, 51069, 192, 52436
154278,0, 51069, 192, 52436
154328,0, 51069, 192, 52436
154378,0, 51069, 192, 52436
154428,0, 51069, 192, 52436
154478,0, 51069, 193, 52436
154528,0, 51069, 193, 52436
154578,0, 51069, 193, 52436
154628,0, 51069, 193, 52436
154678,0, 51069, 193, 52435
154770,0, 51069, 193, 52435
154906,0, 0, 192, 52435
154956,0, 0, 192, 52435
155006,0, 0, 192, 52435
155056,0, 0, 192, 52435
155106,0, 0, 192, 52437
155156,0, 0, 192, 52437
155206,0, 0, 192, 52437
155256,0, 0, 192, 52437
155306,0, 0, 192, 52437
155356,0, 0, 192, 52437
155406,0, 0, 192, 52437
155456,0, 0, 192, 52437
155506,0, 0, 192, 52437
155556,0, 0, 192, 52437
155606,0, 0, 192, 52437
155656,0, 0, 192, 52437
155706,0, 0, 192, 52437
155756,0, 0, 192, 52437
155806,0, 0, 192, 52437
155856,0, 0, 192, 52437
156034,0, 0, 192, 52436
156084,0, 0, 191, 52436
156134,0, 0, 191, 52436
156184,0, 0, 191, 52436
156234,0, 0, 191, 52436
156284,0, 0, 191, 52436
156334,0, 0, 191, 52436
156384,0, 0, 191, 52436
156434,0, 0, 191, 52436
156484,0, 0, 192, 52436
156534,0, 0, 192, 52436
156584,0, 0, 192, 52436
156634,0, 0, 192, 52436
156684,0, 0, 192, 52437
156734,0, 0, 192, 52437
156784,0, 0, 192, 52437
156919,0, 0, 192, 52437
156969,0, 0, 192, 52437
157019,0, 0, 192, 52437
157069,0, 0, 192, 52437
157119,0, 0, 192, 52437
157211,0, 0, 192, 52437
157261,0, 0, 192, 52437
157311,0, 0, 192, 52437
157361,0, 0, 192, 52437
157411,0, 0, 192, 52437
157461,0, 0, 192, 52437
157511,0, 0, 192, 52436
157561,0, 0, 192, 52436
157611,0, 0, 192, 52436
157661,0, 0, 192, 52436
157711,0, 0, 191, 52436
157761,0, 0, 191, 52436
157811,0, 0, 191, 52436
157861,0, 0, 191, 52436
157911,0, 0, 191, 52437
158046,0, 0, 191, 52437
158096,0, 0, 192, 52437
158146,0, 0, 192, 52437
158196,0, 0, 192, 52437
158246,0, 0, 192, 52437
158296,0, 0, 192, 52436
158388,0, 0, 192, 52436
158438,0, 0, 192, 52436
158488,0, 0, 192, 52436
158538,0, 0, 192, 52436
158588,0, 0, 192, 52436
158638,0, 0, 192, 52436
158688,0, 0, 192, 52438
158738,0, 0, 192, 52438
158788,0, 0, 192, 52438
158838,0, 0, 192, 52438
158888,0, 0, 193, 52438
158938,0, 0, 193, 52438
158988,0, 0, 193, 52438
159038,0, 0, 193, 52438
159174,0, 0, 193, 52438
159224,0, 0, 193, 52438
159274,0, 0, 193, 52438
159324,0, 0, 192, 52438
159374,0, 0, 192, 52438
159424,0, 0, 192, 52438
159474,0, 0, 192, 52438
159524,0, 0, 192, 52437
159616,0, 0, 192, 52437
159666,0, 0, 192, 52437
159716,0, 0, 192, 52437
159766,0, 0, 192, 52437
159816,0, 0, 192, 52437
159866,0, 0, 192, 52437
159916,0, 0, 192, 52438
159966,0, 0, 192, 52438
160016,0, 0, 192, 52438
160066,0, 0, 192, 52438
160116,0, 0, 191, 52438
160166,0, 0, 191, 52438
160303,0, 0, 191, 52438
160353,0, 0, 191, 52438
160403,0, 0, 191, 52438
160453,0, 0, 191, 52438
160503,0, 0, 193, 52438
160553,0, 0, 193, 52438
160603,0, 0, 193, 52438
160653,0, 0, 193, 52438
160703,0, 0, 193, 52438
160795,0, 0, 193, 52438
160845,0, 0, 193, 52438
160895,0, 0, 193, 52438
160945,0, 0, 192, 52438
160995,0, 0, 192, 52438
161045,0, 0, 192, 52438
161095,0, 0, 192, 52438
161145,0, 0, 192, 52438
161195,0, 0, 192, 52438
161245,0, 0, 192, 52438
161295,0, 0, 192, 52438
161430,0, 0, 193, 52438
161480,0, 0, 193, 52438
161530,0, 0, 193, 52438
161580,0, 0, 193, 52438
161630,0, 0, 193, 52438
161680,0, 0, 193, 52438
161730,0, 0, 193, 52438
161780,0, 0, 193, 52438
161830,0, 0, 193, 52438
161880,0, 0, 193, 52438
161972,0, 0, 193, 52439
162022,0, 0, 193, 52439
162072,0, 0, 193, 52439
162122,0, 0, 192, 52439
162172,0, 0, 192, 52439
162222,0, 0, 192, 52439
162272,0, 0, 192, 52439
162322,0, 0, 192, 52439
162372,0, 0, 192, 52439
162422,0, 0, 192, 52439
162558,0, 0, 194, 52439
162608,0, 0, 194, 52439
162658,0, 0, 194, 52439
162708,0, 0, 194, 52440
162758,0, 0, 194, 52440
162808,0, 0, 194, 52440
162858,0, 0, 194, 52440
162908,0, 0, 193, 52440
162958,0, 0, 193, 52440
163008,0, 0, 193, 52440
163058,0, 0, 193, 52440
163108,0, 0, 193, 52439
163200,0, 0, 193, 52439
163250,0, 0, 193, 52439
163300,0, 0, 193, 52439
163350,0, 0, 193, 52439
163400,0, 0, 193, 52439
163450,0, 0, 193, 52439
163500,0, 0, 193, 52439
163550,0, 0, 193, 52439
163686,0, 0, 193, 52439
163736,0, 0, 192, 52439
163786,0, 0, 192, 52439
163836,0, 0, 192, 52439
163886,0, 0, 192, 52439
163936,0, 0, 192, 52439
163986,0, 0, 192, 52439
164036,0, 0, 192, 52439
164086,0, 0, 192, 52439
164136,0, 0, 193, 52439
164186,0, 0, 193, 52439
164236,0, 0, 193, 52439
164286,0, 0, 193, 52439
164379,0, 0, 193, 52439
164429,0, 0, 193, 52439
164479,0, 0, 193, 52439
164529,0, 0, 194, 52439
164579,0, 0, 194, 52439
164629,0, 0, 194, 52439
164679,0, 0, 194, 52439
164815,0, 0, 194, 52440
164865,0, 0, 194, 52440
164915,0, 0, 194, 52440
164965,0, 0, 193, 52440
165015,0, 0, 193, 52440
165065,0, 0, 193, 52440
165115,0, 0, 193, 52440
165165,0, 0, 193, 52440
165215,0, 0, 193, 52440
165265,0, 0, 193, 52440
165315,0, 0, 193, 52440
165365,0, 0, 192, 52440
165415,0, 0, 192, 52440
165465,0, 0, 192, 52440
165557,0, 0, 192, 52440
165607,0, 0, 192, 52440
165657,0, 0, 192, 52440
165707,0, 0, 192, 52440
165757,0, 0, 192, 52440
165807,0, 0, 192, 52440
165942,0, 0, 192, 52440
165992,0, 0, 192, 52440
166042,0, 0, 192, 52440
166092,0, 0, 192, 52440
166142,0, 0, 193, 52440
166192,0, 0, 193, 52440
166242,0, 0, 193, 52440
166292,0, 0, 193, 52440
166342,0, 0, 193, 52440
166392,0, 0, 193, 52440
166442,0, 0, 193, 52440
166492,0, 0, 193, 52440
166542,0, 0, 193, 52440
166592,0, 0, 193, 52440
166642,0, 0, 193, 52440
166692,0, 0, 193, 52440
166826,0, 0, 193, 52440
166876,0, 0, 193, 52440
166926,0, 0, 193, 52440
166976,0, 0, 193, 52440
167281,0, 0, 193, 52440
167331,0, 0, 193, 52440
167381,0, 0, 191, 52440
167431,0, 0, 191, 52440
167481,0, 0, 191, 52440
167531,0, 0, 191, 52440
167581,0, 0, 191, 52440
167631,0, 0, 191, 52440
167681,0, 0, 191, 52440
167731,0, 0, 191, 52440
167781,0, 0, 191, 52440
167831,0, 0, 191, 52440
167881,0, 0, 191, 52440
167931,0, 0, 191, 52440
167981,0, 0, 191, 52442
168031,0, 0, 191, 52442
168081,0, 0, 191, 52442
168173,0, 0, 193, 52442
168223,0, 0, 193, 52442
168273,0, 0, 193, 52442
168450,0, 0, 193, 52440
168500,0, 0, 193, 52440
168550,0, 0, 193, 52440
168600,0, 0, 193, 52440
168650,0, 0, 193, 52440
168700,0, 0, 193, 52440
168750,0, 0, 193, 52441
168800,0, 0, 193, 52441
168850,0, 0, 193, 52441
168900,0, 0, 193, 52441
168950,0, 0, 193, 52441
169000,0, 0, 193, 52441
169050,0, 0, 193, 52441
169100,0, 0, 193, 52441
169150,0, 0, 193, 52441
169200,0, 0, 193, 52441
169250,0, 0, 193, 52441
169300,0, 0, 193, 52441
169392,0, 0, 193, 52441
169442,0, 0, 193, 52441
169578,0, 0, 193, 52442
169628,0, 0, 193, 52442
169678,0, 0, 193, 52442
169728,0, 0, 193, 52442
169778,0, 0, 192, 52442
169828,0, 0, 192, 52442
169878,0, 0, 192, 52442
169928,0, 0, 192, 52442
169978,0, 0, 192, 52442
170028,0, 0, 192, 52442
170078,0, 0, 192, 52442
170128,0, 0, 192, 52442
170178,0, 0, 193, 52442
170228,0, 0, 193, 52442
170278,0, 0, 193, 52442
170328,0, 0, 193, 52442
170378,0, 0, 193, 52441
170428,0, 0, 193, 52441
170478,0, 0, 193, 52441
170528,0, 0, 193, 52441
170706,0, 0, 193, 52441
170756,0, 0, 193, 52442
170806,0, 0, 193, 52442
170856,0, 0, 193, 52442
170906,0, 0, 193, 52442
170956,0, 0, 193, 52442
171006,0, 0, 193, 52442
171056,0, 0, 193, 52442
171106,0, 0, 193, 52442
171156,0, 0, 193, 52442
171206,0, 0, 193, 52442
171256,0, 0, 193, 52442
171306,0, 0, 193, 52442
171356,0, 0, 193, 52442
171406,0, 0, 193, 52442
171456,0, 0, 193, 52442
171592,0, 0, 193, 52441
171642,0, 0, 193, 52441
171692,0, 0, 193, 52441
171742,0, 0, 193, 52441
171792,0, 0, 192, 52441
171884,0, 0, 192, 52441
171934,0, 0, 192, 52441
171984,0, 0, 192, 52442
172034,0, 0, 192, 52442
172084,0, 0, 192, 52442
172134,0, 0, 192, 52442
172184,0, 0, 192, 52442
172234,0, 0, 192, 52442
172284,0, 0, 192, 52442
172334,0, 0, 192, 52442
172384,0, 0, 192, 52442
172434,0, 0, 192, 52442
172484,0, 0, 192, 52442
172534,0, 0, 192, 52442
172584,0, 0, 194, 52442
172720,0, 0, 194, 52442
172770,0, 0, 194, 52442
172820,0, 0, 194, 52443
172870,0, 0, 194, 52443
172920,0, 0, 194, 52443
172970,0, 0, 194, 52443
173062,0, 0, 193, 52443
173112,0, 0, 193, 52443
173162,0, 0, 193, 52443
173212,0, 0, 193, 52441
173262,0, 0, 193, 52441
173312,0, 0, 193, 52441
173362,0, 0, 193, 52441
173412,0, 0, 193, 52441
173462,0, 0, 193, 52441
173512,0, 0, 193, 52441
173562,0, 0, 193, 52441
173612,0, 0, 193, 52443
173662,0, 0, 193, 52443
173712,0, 0, 193, 52443
173848,0, 0, 194, 52443
173898,0, 0, 194, 52443
173948,0, 0, 194, 52443
173998,0, 0, 194, 52443
174048,0, 0, 194, 52443
174098,0, 0, 194, 52443
174148,0, 0, 194, 52443
174198,0, 0, 193, 52443
174290,0, 0, 193, 52443
174340,0, 0, 193, 52443
174390,0, 0, 193, 52442
174440,0, 0, 193, 52442
174490,0, 0, 193, 52442
174540,0, 0, 193, 52442
174590,0, 0, 193, 52442
174640,0, 0, 193, 52442
174690,0, 0, 193, 52442
174740,0, 0, 193, 52442
174790,0, 0, 193, 52442
174840,0, 0, 193, 52442
174976,0, 0, 193, 52442
175026,0, 0, 193, 52442
175076,0, 0, 193, 52442
175126,0, 0, 193, 52442
175176,0, 0, 193, 52442
175226,0, 0, 193, 52443
175276,0, 0, 193, 52443
175326,0, 0, 193, 52443
175376,0, 0, 193, 52443
175468,0, 0, 192, 52443
175518,0, 0, 192, 52443
175568,0, 0, 192, 52443
175618,0, 0, 192, 52444
175668,0, 0, 192, 52444
175718,0, 0, 192, 52444
175768,0, 0, 192, 52444
175818,0, 0, 192, 52444
175868,0, 0, 192, 52444
175918,0, 0, 192, 52444
175968,0, 0, 192, 52444
176103,0, 0, 192, 52444
176153,0, 0, 192, 52444
176203,0, 0, 193, 52444
176253,0, 0, 193, 52444
176303,0, 0, 193, 52444
176353,0, 0, 193, 52444
176403,0, 0, 193, 52443
176453,0, 0, 193, 52443
176503,0, 0, 193, 52443
176553,0, 0, 193, 52443
176645,0, 0, 193, 52443
176695,0, 0, 193, 52443
176745,0, 0, 193, 52443
176795,0, 0, 193, 52443
176845,0, 0, 193, 52443
176895,0, 0, 193, 52443
176945,0, 0, 193, 52443
176995,0, 0, 193, 52443
177045,0, 0, 193, 52443
177095,0, 0, 193, 52443
177230,0, 0, 193, 52443
177280,0, 0, 193, 52443
177330,0, 0, 193, 52443
177380,0, 0, 193, 52443
177430,0, 0, 193, 52443
177480,0, 0, 193, 52443
177530,0, 0, 193, 52443
177580,0, 0, 193, 52443
177630,0, 0, 193, 52443
177680,0, 0, 193, 52443
177730,0, 0, 193, 52443
177780,0, 0, 193, 52443
177872,0, 0, 193, 52443
177922,0, 0, 193, 52443
177972,0, 0, 193, 52443
178022,0, 0, 193, 52444
178072,0, 0, 193, 52444
178122,0, 0, 193, 52444
178172,0, 0, 193, 52444
178222,0, 0, 193, 52444
178359,0, 0, 193, 52444
178409,0, 0, 193, 52444
178459,0, 0, 193, 52444
178509,0, 0, 193, 52444
178559,0, 0, 193, 52444
178609,0, 0, 193, 52444
178659,0, 0, 193, 52444
178709,0, 0, 193, 52444
178759,0, 0, 193, 52444
178809,0, 0, 193, 52444
178859,0, 0, 193, 52444
178909,0, 0, 193, 52444
178959,0, 0, 193, 52444
179051,0, 0, 193, 52444
179101,0, 0, 193, 52444
179151,0, 0, 193, 52444
179201,0, 0, 193, 52444
179251,0, 0, 193, 52445
179301,0, 0, 193, 52445
179351,0, 0, 193, 52445
179487,0, 0, 192, 52445
179537,0, 0, 192, 52445
179587,0, 0, 192, 52445
179637,0, 0, 192, 52444
179687,0, 0, 192, 52444
179737,0, 0, 192, 52444
179787,0, 0, 192, 52444
179837,0, 0, 191, 52444
179887,0, 0, 191, 52444
179937,0, 0, 191, 52444
179987,0, 0, 191, 52444
180037,0, 0, 191, 52445
180087,0, 0, 191, 52445
180137,0, 0, 191, 52445
180229,0, 0, 193, 52445
180279,0, 0, 193, 52445
180329,0, 0, 193, 52445
180379,0, 0, 193, 52445
180429,0, 0, 193, 52445
180479,0, 0, 193, 52445
180615,0, 0, 193, 52445
180665,0, 0, 193, 52445
180715,0, 0, 193, 52445
180765,0, 0, 193, 52445
180815,0, 0, 193, 52445
180865,0, 0, 193, 52443
180915,0, 0, 193, 52443
180965,0, 0, 193, 52443
181015,0, 0, 193, 52443
181065,0, 0, 193, 52443
181115,0, 0, 193, 52443
181165,0, 0, 193, 52443
181215,0, 0, 193, 52443
181265,0, 0, 193, 52445
181315,0, 0, 193, 52445
181365,0, 0, 193, 52445
181457,0, 0, 192, 52445
181507,0, 0, 192, 52445
181557,0, 0, 192, 52445
181607,0, 0, 192, 52445
181743,0, 0, 192, 52445
181793,0, 0, 192, 52445
181843,0, 0, 191, 52445
181893,0, 0, 191, 52445
181943,0, 0, 191, 52445
181993,0, 0, 191, 52445
182043,0, 0, 191, 52445
182093,0, 0, 191, 52445
182143,0, 0, 191, 52445
182193,0, 0, 191, 52445
182243,0, 0, 193, 52445
182293,0, 0, 193, 52445
182343,0, 0, 193, 52445
182393,0, 0, 193, 52445
182443,0, 0, 193, 52445
182493,0, 0, 193, 52445
182543,0, 0, 193, 52445
182635,0, 0, 193, 52445
182685,0, 0, 193, 52445
182735,0, 0, 193, 52445
182871,0, 0, 193, 52445
182921,0, 0, 193, 52445
182971,0, 0, 193, 52445
183021,0, 0, 193, 52445
183071,0, 0, 193, 52445
183121,0, 0, 193, 52445
183171,0, 0, 193, 52445
183221,0, 0, 193, 52445
183271,0, 0, 193, 52445
183321,0, 0, 193, 52445
183371,0, 0, 193, 52445
183421,0, 0, 193, 52445
183471,0, 0, 192, 52445
183521,0, 0, 192, 52445
183571,0, 0, 192, 52445
183621,0, 0, 192, 52445
183671,0, 0, 192, 52445
183721,0, 0, 192, 52445
183814,0, 0, 192, 52445
183864,0, 0, 192, 52445
184000,0, 0, 192, 52445
184050,0, 0, 192, 52445
184100,0, 0, 192, 52445
184150,0, 0, 192, 52445
184200,0, 0, 192, 52445
184250,0, 0, 193, 52445
184300,0, 0, 193, 52445
184350,0, 0, 193, 52445
184400,0, 0, 193, 52445
184450,0, 0, 193, 52445
184500,0, 0, 193, 52445
184550,0, 0, 193, 52445
184600,0, 0, 193, 52445
184650,0, 0, 193, 52445
184700,0, 0, 193, 52445
184750,0, 0, 193, 52445
184800,0, 0, 193, 52445
184850,0, 0, 193, 52445
184900,0, 0, 193, 52445
184950,0, 0, 193, 52445
185128,0, 0, 192, 52445
185178,0, 0, 192, 52445
185228,0, 0, 192, 52445
185278,0, 0, 192, 52445
185328,0, 0, 192, 52445
185378,0, 0, 192, 52445
185428,0, 0, 192, 52445
185478,0, 0, 193, 52445
185528,0, 0, 193, 52445
185578,0, 0, 193, 52445
185628,0, 0, 193, 52445
185678,0, 0, 193, 52445
185728,0, 0, 193, 52445
185778,0, 0, 193, 52445
185828,0, 0, 193, 52445
185878,0, 0, 192, 52445
186013,0, 0, 192, 52445
186063,0, 0, 192, 52444
186113,0, 0, 192, 52444
186163,0, 0, 192, 52444
186213,0, 0, 192, 52444
186305,0, 0, 194, 52444
186355,0, 0, 194, 52444
186405,0, 0, 194, 52444
186455,0, 0, 194, 52444
186505,0, 0, 194, 52446
186555,0, 0, 194, 52446
186605,0, 0, 194, 52446
186655,0, 0, 194, 52446
186705,0, 0, 193, 52446
186755,0, 0, 193, 52446
186805,0, 0, 193, 52446
186855,0, 0, 193, 52446
186905,0, 0, 193, 52445
186955,0, 0, 193, 52445
187005,0, 0, 193, 52445
187140,0, 0, 193, 52445
187190,0, 0, 193, 52445
187240,0, 0, 193, 52445
187290,0, 0, 193, 52445
187340,0, 0, 193, 52445
187390,0, 0, 193, 52445
187482,0, 0, 192, 52445
187532,0, 0, 192, 52445
187582,0, 0, 192, 52445
187632,0, 0, 192, 52445
187682,0, 0, 192, 52445
187732,0, 0, 192, 52445
187782,0, 0, 192, 52445
187832,0, 0, 192, 52445
187882,0, 0, 193, 52445
187932,0, 0, 193, 52445
187982,0, 0, 193, 52445
188032,0, 0, 193, 52445
188082,0, 0, 193, 52445
188132,0, 0, 193, 52445
188268,0, 0, 193, 52445
188318,0, 0, 193, 52445
188368,0, 0, 193, 52445
188418,0, 0, 193, 52445
188468,0, 0, 193, 52445
188518,0, 0, 193, 52446
188568,0, 0, 193, 52446
188618,0, 0, 193, 52446
188710,0, 0, 194, 52446
188760,0, 0, 194, 52446
188810,0, 0, 194, 52446
188860,0, 0, 194, 52446
188910,0, 0, 194, 52446
188960,0, 0, 194, 52446
189010,0, 0, 194, 52446
189060,0, 0, 194, 52446
189110,0, 0, 193, 52446
189160,0, 0, 193, 52446
189210,0, 0, 193, 52446
189260,0, 0, 193, 52446
189396,0, 0, 193, 52446
189446,0, 0, 193, 52446
189496,0, 0, 192, 52446
189546,0, 0, 192, 52446
189596,0, 0, 192, 52446
189646,0, 0, 192, 52446
189696,0, 0, 192, 52446
189746,0, 0, 192, 52446
189796,0, 0, 192, 52446
189888,0, 0, 193, 52446
189938,0, 0, 193, 52446
189988,0, 0, 193, 52446
190038,0, 0, 193, 52446
190088,0, 0, 193, 52446
190138,0, 0, 193, 52446
190188,0, 0, 193, 52446
190238,0, 0, 193, 52446
190288,0, 0, 193, 52446
190338,0, 0, 193, 52446
190388,0, 0, 193, 52446
190524,0, 0, 193, 52446
190574,0, 0, 193, 52446
190624,0, 0, 193, 52446
190674,0, 0, 193, 52446
190724,0, 0, 193, 52446
190774,0, 0, 193, 52446
190824,0, 0, 193, 52446
190874,0, 0, 193, 52446
190924,0, 0, 193, 52446
190974,0, 0, 193, 52446
191066,0, 0, 193, 52446
191116,0, 0, 193, 52446
191166,0, 0, 193, 52446
191216,0, 0, 193, 52446
191266,0, 0, 193, 52446
191316,0, 0, 193, 52447
191366,0, 0, 193, 52447
191416,0, 0, 193, 52447
191466,0, 0, 193, 52447
191516,0, 0, 192, 52447
191652,0, 0, 192, 52447
191702,0, 0, 192, 52446
191752,0, 0, 192, 52446
191802,0, 0, 192, 52446
191852,0, 0, 192, 52446
191902,0, 0, 193, 52446
191952,0, 0, 193, 52446
192002,0, 0, 193, 52446
192052,0, 0, 193, 52446
192102,0, 0, 193, 52447
192152,0, 0, 193, 52447
192202,0, 0, 193, 52447
192294,0, 0, 193, 52447
192344,0, 0, 193, 52447
192394,0, 0, 193, 52447
192444,0, 0, 193, 52447
192494,0, 0, 193, 52451
192544,0, 0, 193, 52451
192594,0, 0, 193, 52451
192644,0, 0, 193, 52451
